url,detected,cmsName,cmsVersion,languageName,languageVersion,jslibName,jslibVersion
gob.mx,,,,,,,
bbvanet.com.mx,,,,,,,
banorte.com,,,,,,,
banamex.com.mx,,,,,,,
edu.mx,,,,,,,
segundamano.mx,,,,,,,
andrea.com,,,,,,,
unam.mx,,,,,,,
eluniversal.com.mx,,,,,,,
occ.com.mx,,,,,,,
volaris.com,,,,,,,
inegi.org.mx,,,,,,,
infonavit.org.mx,,,,,,,
anumex.com,,,,,,,
telmex.com,,,,,,,
itesm.mx,,,,,,,
pemex.com,,,,,,,
excelsior.com.mx,,,,,,,
liverpool.com.mx,,,,,,,
nextel.com.mx,,,,,,,
clarovideo.com,,,,,,,
qualitas.com.mx,,,,,,,
colnect.com,,,,,,,
udg.mx,,,,,,,
cklass.com,,,,,,,
santander-serfin.com,,,,,,,
net.mx,,,,,,,
santander.com.mx,,,,,,,
bb.com.mx,,,,,,,
ipn.mx,,,,,,,
interjet.com.mx,,,,,,,
inbursa.com,,,,,,,
milenio.com,,,,,,,
nafin.com,,,,,,,
almex.com.mx,,,,,,,
contactognp.com.mx,,,,,,,
cibanco.com,,,,,,,
avisosdeocasion.com,,,,,,,
axa.com.mx,,,,,,,
unadmexico.mx,,,,,,,
banamex.com,,,,,,,
elnorte.com,,,,,,,
oem.com.mx,,,,,,,
ixe.com.mx,,,,,,,
coppel.com,,,,,,,
bestday.com.mx,,,,,,,
URL hidden because of possible malware and/or adult content,,,,,,,
unid.mx,,,,,,,
ife.org.mx,,,,,,,
tecmilenio.mx,,,,,,,
uvmnet.edu,,,,,,,
fovissste.com.mx,,,,,,,
record.com.mx,,,,,,,
officedepot.com.mx,,,,,,,
URL hidden because of possible malware and/or adult content,,,,,,,
mediotiempo.com,,,,,,,
cinepolis.com,,,,,,,
uaemex.mx,,,,,,,
elfinanciero.com.mx,,,,,,,
buzonfiscal.com,,,,,,,
ine.mx,,,,,,,
casaley.com.mx,,,,,,,
movistarpromociones.mx,,,,,,,
sicofi.com.mx,,,,,,,
tvnotas.com.mx,,,,,,,
clubpremier.com,,,,,,,
lineamonterrey.com.mx,,,,,,,
sky.com.mx,,,,,,,
elimparcial.com,,,,,,,
vivaaerobus.com,,,,,,,
uanl.mx,,,,,,,
burodecredito.com.mx,,,,,,,
fel.mx,,,,,,,
bancoinbursa.com,,,,,,,
winstondata.com.mx,,,,,,,
aristeguinoticias.com,,,,,,,
URL hidden because of possible malware and/or adult content,,,,,,,
aldoautopartes.com,,,,,,,
claro.com.co,,,,,,,
exchangeadministrado.com,,,,,,,
mapfre.com.mx,,,,,,,
reforma.com,,,,,,,
uam.mx,,,,,,,
vuplus-support.org,,,,,,,
mitula.mx,,,,,,,
diario.mx,,,,,,,
informador.com.mx,,,,,,,
uv.mx,,,,,,,
scotiaweb.com.mx,,,,,,,
elsiglodetorreon.com.mx,,,,,,,
proceso.com.mx,,,,,,,
cinemex.com,,,,,,,
abaseguros.com,,,,,,,
esmas.com,,,,,,,
costco.com.mx,,,,,,,
masfacturaweb.com.mx,,,,,,,
prontipagos.mx,,,,,,,
vw.com.mx,,,,,,,
imp.mx,,,,,,,
eluniversalmas.com.mx,,,,,,,
sears.com.mx,,,,,,,
estafeta.com,,,,,,,
emsat.com.mx,,,,,,,
uson.mx,,,,,,,
metroscubicos.com,,,,,,,
timetracker.com.mx,,,,,,,
afirme.com.mx,,,,,,,
quien.com,,,,,,,
jafranet.com.mx,,,,,,,
conacyt.mx,,,,,,,
uasnet.mx,,,,,,,
pricetravel.com.mx,,,,,,,
dish.com.mx,,,,,,,
bancoazteca.com.mx,,,,,,,
hdi.com.mx,,,,,,,
sbi.com.mx,,,,,,,
lctpc.com.mx,,,,,,,
chedraui.com.mx,,,,,,,
comcel.com.co,,,,,,,
evaluatest.com,,,,,,,
notiver.com.mx,,,,,,,
caaarem.mx,,,,,,,
uaslp.mx,,,,,,,
donde.org.mx,,,,,,,
scotiabank.com.mx,,,,,,,
megacable.com.mx,,,,,,,
madisa.com,,,,,,,
sinembargo.mx,,,,,,,
buap.mx,,,,,,,
URL hidden because of possible malware and/or adult content,,,,,,,
exel.com.mx,,,,,,,
ciateq.mx,,,,,,,
URL hidden because of possible malware and/or adult content,,,,,,,
zocalo.com.mx,,,,,,,
banorte.com.mx,,,,,,,
taire.mx,,,,,,,
farmaciasunion.com,,,,,,,
buholegal.com,,,,,,,
uno-internacional.com,,,,,,,
URL hidden because of possible malware and/or adult content,,,,,,,
re-direcciona.me,,,,,,,
am.com.mx,,,,,,,
nissan.com.mx,,,,,,,
aserta.com.mx,,,,,,,
infinitummovil.net,,,,,,,
carvajaltys.mx,,,,,,,
transfast.mx,,,,,,,
solucionfactible.com,,,,,,,
mi-escuelamx.com,,,,,,,
facturacfdi.mx,,,,,,,
ikeasistencia.com,,,,,,,
eldiariodechihuahua.mx,,,,,,,
syd.com.mx,,,,,,,
radioformula.com.mx,,,,,,,
italika.com.mx,,,,,,,
quadratin.com.mx,,,,,,,
uady.mx,,,,,,,
tiempo.com.mx,,,,,,,
chevrolet.com.mx,,,,,,,
aspel.com.mx,,,,,,,
dcm.com.mx,,,,,,,
comipems.org.mx,,,,,,,
compumty.com.mx,,,,,,,
autogestion.com.mx,,,,,,,
sanborns.com.mx,,,,,,,
aeromexico.com.mx,,,,,,,
prospeccionvw.com,,,,,,,
crmpro.com.mx,,,,,,,
adquiramexico.com.mx,,,,,,,
ado.com.mx,,,,,,,
catholic.net,,,,,,,
yucatan.com.mx,,,,,,,
URL hidden because of possible malware and/or adult content,,,,,,,
miiec.com.mx,,,,,,,
udlap.mx,,,,,,,
clickonero.com.mx,,,,,,,
idmexico.com.mx,,,,,,,
eleconomista.com.mx,,,,,,,
asesordeseguros.com.mx,,,,,,,
interjet.com,,,,,,,
tralcom.com,,,,,,,
paquetexpress.com.mx,,,,,,,
cfdi.com.mx,,,,,,,
upn.mx,,,,,,,
elpalaciodehierro.com,,,,,,,
marthadebayle.com,,,,,,,
famsa.com,,,,,,,
endtoend.com.mx,,,,,,,
cibergestion.com,,,,,,,
redalyc.org,,,,,,,
vanguardia.com.mx,,,,,,,
intertours.com.mx,,,,,,,
noroeste.com.mx,,,,,,,
grupo-iai.com.mx,,,,,,,
unitec.mx,,,,,,,
intermediamexico.com,,,,,,,
enlacebg.com,,,,,,,
autocosmos.com.mx,,,,,,,
soloautos.mx,,,,,,,
poresto.net,,,,,,,
truper.com.mx,,,,,,,
medicamentos.com.mx,,,,,,,
mexcam.mx,,,,,,,
agenciareforma.com,,,,,,,
honda.mx,,,,,,,
cnogfac.com.mx,,,,,,,
seminuevossonora.com,,,,,,,
vogue.mx,,,,,,,
dito.com.mx,,,,,,,
cashpresto.com,,,,,,,
cineticket.com.mx,,,,,,,
URL hidden because of possible malware and/or adult content,,,,,,,
montenegroeditores.com.mx,,,,,,,
generaldesalud.com.mx,,,,,,,
cancha.com,,,,,,,
eltrece.mx,,,,,,,
medicamentosplm.com,,,,,,,
aula24horas.com,,,,,,,
grupocva.com,,,,,,,
vw-concesionarios.com.mx,,,,,,,
steren.com.mx,,,,,,,
dishmovil.com.mx,,,,,,,
jafradistribucion.com.mx,,,,,,,
oxxo.com,,,,,,,
cdhdf.org.mx,,,,,,,
banxico.org.mx,,,,,,,
bind.com.mx,,,,,,,
tymi.com,,,,,,,
contpaqi.com,,,,,,,
buzone.com.mx,,,,,,,
iteso.mx,,,,,,,
noticiasnet.mx,,,,,,,
dineroenimagen.com,,,,,,,
banregio.com,,,,,,,
gandhi.com.mx,,,,,,,
arq.com.mx,,,,,,,
elmanana.com.mx,,,,,,,
sportsworld.com.mx,,,,,,,
quiminet.com,,,,,,,
estrellaroja.com.mx,,,,,,,
telmex.com.mx,,,,,,,
truckanet.com,,,,,,,
aaadam.com.mx,,,,,,,
zonaturistica.com,,,,,,,
homeinteriors.com.mx,,,,,,,
factorumweb.com,,,,,,,
citibank.com.mx,,,,,,,
fantasiasmiguel.com,,,,,,,
emociondeportiva.com,,,,,,,
vanityfair.mx,,,,,,,
honda-fuerzacomercial.mx,,,,,,,
tecvirtual.mx,,,,,,,
uia.mx,,,,,,,
gabssa.net,,,,,,,
seccionamarilla.com,,,,,,,
izzi.mx,,,,,,,
cnnexpansion.com,,,,,,,
sacce.com.mx,,,,,,,
redpack.com.mx,,,,,,,
sesweb.mx,,,,,,,
siser.com.mx,,,,,,,
URL hidden because of possible malware and/or adult content,,,,,,,
sistemamim.com,,,,,,,
smartlearning.com.mx,,,,,,,
iusacell.com.mx,,,,,,,
pulsoslp.com.mx,,,,,,,
dominos.com.mx,,,,,,,
grupoado.com.mx,,,,,,,
softtek.com,,,,,,,
uadec.mx,,,,,,,
egbs1.com.mx,,,,,,,
ctonline.mx,,,,,,,
royal-holiday.com,,,,,,,
URL hidden because of possible malware and/or adult content,,,,,,,
glamour.mx,,,,,,,
ahmsa.com,,,,,,,
URL hidden because of possible malware and/or adult content,,,,,,,
espaciobanorte.com,,,,,,,
noticiasmvs.com,,,,,,,
uaa.mx,,,,,,,
santillanacompartir.com.mx,,,,,,,
hidrosina.com.mx,,,,,,,
donboleton.com,,,,,,,
ebanregio.com,,,,,,,
umich.mx,,,,,,,
officemax.com.mx,,,,,,,
mixup.com.mx,,,,,,,
egbs2.com.mx,,,,,,,
avisooportuno.mx,,,,,,,
de10.com.mx,,,,,,,
solucionlinemonterrey.mx,,,,,,,
uaq.mx,,,,,,,
tucfdi.mx,,,,,,,
inventario.com.mx,,,,,,,
el-mexicano.com.mx,,,,,,,
bancaempresarialazteca.com.mx,,,,,,,
publimetro.com.mx,,,,,,,
we-know.net,,,,,,,
bancoppel.com,,,,,,,
centrodedesarrollodigital.com,,,,,,,
sanluishoy.com.mx,,,,,,,
hostedexchange.mx,,,,,,,
weba20.com,,,,,,,
athenea.com.mx,,,,,,,
URL hidden because of possible malware and/or adult content,,,,,,,
volaris.mx,,,,,,,
academiccontrol.mx,,,,,,,
dico.com.mx,,,,,,,
cablemas.com.mx,,,,,,,
marti.mx,,,,,,,
siseph.com,,,,,,,
expreso.press,,,,,,,
eglobal.com.mx,,,,,,,
etn.com.mx,,,,,,,
ujat.mx,,,,,,,
morsa.com.mx,,,,,,,
wradio.com.mx,,,,,,,
cablemas.com,,,,,,,
colpos.mx,,,,,,,
myallianz.com.mx,,,,,,,
galeno.info,,,,,,,
factupronto.mx,,,,,,,
uag.mx,,,,,,,
wms.mx,,,,,,,
sel-setec.com.mx,,,,,,,
zurich.mx,,,,,,,
uacj.mx,,,,,,,
ihct.mx,,,,,,,
flipmeme.com,,,,,,,
ieem.org.mx,,,,,,,
cofidi.com.mx,,,,,,,
mexicodesconocido.com.mx,,,,,,,
caliente.com.mx,,,,,,,
appfacturainteligente.com,,,,,,,
asdeporte.com,,,,,,,
configuratuvw.mx,,,,,,,
suraevolucion.com.mx,,,,,,,
vivetelmex.com,,,,,,,
ods.com.mx,,,,,,,
exla.mx,,,,,,,
smcmx.com.mx,,,,,,,
lineadirectaportal.com,,,,,,,
info7.mx,,,,,,,
consisa.com.mx,,,,,,,
corpogas.com.mx,,,,,,,
multiasis.com.mx,,,,,,,
priceshoes.com,,,,,,,
aztecanoticias.com.mx,,,,,,,
autoclasico.com.mx,,,,,,,
b2bservicios.com,,,,,,,
gruposalinas.com.mx,,,,,,,
infodiamex.com.mx,,,,,,,
ift.org.mx,,,,,,,
ugto.mx,,,,,,,
azteca.com,,,,,,,
anclo.com.mx,,,,,,,
uaem.mx,,,,,,,
onecardservicios.mx,,,,,,,
urrea.com,,,,,,,
ugrj.org.mx,,,,,,,
lacomer.com.mx,,,,,,,
uach.mx,,,,,,,
yamaha-motor.com.mx,,,,,,,
upaep.mx,,,,,,,
armstrongweb.com.mx,,,,,,,
elektra.com.mx,,,,,,,
gm.com.mx,,,,,,,
mysuitecfdi.com,,,,,,,
animextremist.com,,,,,,,
nafin.com.mx,,,,,,,
ifai.org.mx,,,,,,,
medigraphic.com,,,,,,,
comexnet.com.mx,,,,,,,
cemex.com,,,,,,,
iberopuebla.mx,,,,,,,
superboletos.com,,,,,,,
urreanet.com,,,,,,,
servillantas.com,,,,,,,
kiwilimon.com,,,,,,,
audi.com.mx,,,,,,,
gmodelo.com.mx,,,,,,,
sistemauno.com,,,,,,,
gnp.com.mx,,,,,,,
casasyterrenos.com,,,,,,,
royalsun.com.mx,,,,,,,
frontera.info,,,,,,,
efectivale.com.mx,,,,,,,
insoft.com.mx,,,,,,,
conectorfiscal.mx,,,,,,,
mastransporte.com.mx,,,,,,,
pacoelchato.com,,,,,,,
credinissan.com.mx,,,,,,,
e7-eleven.com.mx,,,,,,,
televisa.net,,,,,,,
uabc.mx,,,,,,,
apymsa.com.mx,,,,,,,
condumex.com.mx,,,,,,,
eluniversaledomex.mx,,,,,,,
vianney.com.mx,,,,,,,
e-facturate.com,,,,,,,
priceshoes.com.mx,,,,,,,
uagro.mx,,,,,,,
xxi-banorte.com,,,,,,,
swissjustargentina.com,,,,,,,
viooz.mx,,,,,,,
volaris.com.mx,,,,,,,
4anim.com,,,,,,,
inintech.com.mx,,,,,,,
chilango.com,,,,,,,
c-axis.com.mx,,,,,,,
mexicoxxx.org,,,,,,,
idconline.com.mx,,,,,,,
lectoresenred.com.mx,,,,,,,
izito.mx,,,,,,,
contabilizate.com,,,,,,,
hellohelp.org,,,,,,,
telediario.mx,,,,,,,
facturador.com,,,,,,,
siniiga.org.mx,,,,,,,
pulsoslp.mx,,,,,,,
psicoweb.mx,,,,,,,
cateltpv.com,,,,,,,
grupobimbo.com,,,,,,,
laminamex.com.mx,,,,,,,
redvitamedica.com.mx,,,,,,,
pchmayoreo.com,,,,,,,
vendebien.mx,,,,,,,
lopeztamayoconsultores.com.mx,,,,,,,
autosenreynosa.com,,,,,,,
oxxogas.com,,,,,,,
primeraplus.com.mx,,,,,,,
URL hidden because of possible malware and/or adult content,,,,,,,
sistemavalladolid.com,,,,,,,
hackstore.net,,,,,,,
elmonitorparral.com,,,,,,,
appia.com.mx,,,,,,,
elsoldenayarit.mx,,,,,,,
valorreal.com.mx,,,,,,,
e-sar.com.mx,,,,,,,
mexicolegal.com.mx,,,,,,,
elpotosi.com.mx,,,,,,,
guiaroji.com.mx,,,,,,,
sony.com.mx,,,,,,,
mural.com,,,,,,,
manpower.com.mx,,,,,,,
youtubetomp3.com.mx,,,,,,,
itson.mx,,,,,,,
sistematelcel.net,,,,,,,
ruv.org.mx,,,,,,,
axtelofertas.com.mx,,,,,,,
covace.com.mx,,,,,,,
e-traspasar.com.mx,,,,,,,
infinitummail.com,,,,,,,
hm.org.mx,,,,,,,
terrabancomer.com,,,,,,,
kichink.com,,,,,,,
marke.com.mx,,,,,,,
axtel.mx,,,,,,,
oda.mx,,,,,,,
syscom.mx,,,,,,,
adidas.mx,,,,,,,
entucine.com,,,,,,,
nrfinancemexico.com.mx,,,,,,,
pensionesbanorte.com,,,,,,,
penoles.mx,,,,,,,
aeroflashonline.com.mx,,,,,,,
xepl.com.mx,,,,,,,
alsea.com.mx,,,,,,,
castelec.mx,,,,,,,
multimarcabien.com.mx,,,,,,,
ucol.mx,,,,,,,
compac.com.mx,,,,,,,
piasa.com.mx,,,,,,,
isladelcarmen.com,,,,,,,
univa.mx,,,,,,,
recompensatotalbanorte.com,,,,,,,
itam.mx,,,,,,,
dasi.com.mx,,,,,,,
magnicharters.com,,,,,,,
globalcredit.com.mx,,,,,,,
compusoluciones.com,,,,,,,
facturafacilmente.com,,,,,,,
ubicalo.com.mx,,,,,,,
ensenada.net,,,,,,,
forbes.com.mx,,,,,,,
caliente.mx,,,,,,,
anahuac.mx,,,,,,,
laverduleria.com.mx,,,,,,,
palaceresorts.com,,,,,,,
terapia-cognitiva.mx,,,,,,,
conevyt.org.mx,,,,,,,
circulodecredito.com.mx,,,,,,,
15a20.com.mx,,,,,,,
lcred.net,,,,,,,
sorteosdeltrebol.mx,,,,,,,
cosmos.com.mx,,,,,,,
sipse.com,,,,,,,
mimorelia.com,,,,,,,
tarjetapetro-7.com.mx,,,,,,,
juanfutbol.com,,,,,,,
recargabien.com.mx,,,,,,,
cineticket-la.com,,,,,,,
viveusa.mx,,,,,,,
paguito.com,,,,,,,
rhc.com.mx,,,,,,,
creditoreal.com.mx,,,,,,,
elviernesnocuesta.com,,,,,,,
farmaciasdesimilares.com.mx,,,,,,,
mapfre-ram.com.mx,,,,,,,
scielo.org.mx,,,,,,,
fuller.com.mx,,,,,,,
ensechvirtual.com.mx,,,,,,,
sancadilla.net,,,,,,,
exceltotal.com,,,,,,,
futboltotal.com.mx,,,,,,,
conapred.org.mx,,,,,,,
cablevision.com.mx,,,,,,,
sellsgood.com,,,,,,,
modaclub.com.mx,,,,,,,
banorte-generali.com,,,,,,,
cronica.com.mx,,,,,,,
medixclick.com.mx,,,,,,,
enviaflores.com,,,,,,,
tuenlinea.com,,,,,,,
zeleb.mx,,,,,,,
cca.org.mx,,,,,,,
peugeot.com.mx,,,,,,,
miclaro.com.co,,,,,,,
ilusion.com.mx,,,,,,,
gcc.com,,,,,,,
ghia.com.mx,,,,,,,
redpolitica.mx,,,,,,,
ingeniat.com,,,,,,,
razon.com.mx,,,,,,,
hotelrodavento.com,,,,,,,
toyota.com.mx,,,,,,,
soltrack.us,,,,,,,
laeuropea.com.mx,,,,,,,
swissjustmexico.com,,,,,,,
seminuevos.com,,,,,,,
gruporeforma.com,,,,,,,
eluniversaldf.mx,,,,,,,
pisa.com.mx,,,,,,,
entutele.com,,,,,,,
principal.com.mx,,,,,,,
dpqhidalgo.com.mx,,,,,,,
monitoreo-conagua2012.com.mx,,,,,,,
foro-elite.com,,,,,,,
conectadigital-sm.com.mx,,,,,,,
laparadadigital.com,,,,,,,
prd.org.mx,,,,,,,
pinfrafacturacion.com.mx,,,,,,,
elvigia.net,,,,,,,
dondeir.com,,,,,,,
guiadinmuebles.com,,,,,,,
aganar.com.mx,,,,,,,
comex.com.mx,,,,,,,
planoinformativo.com,,,,,,,
emidamex.net,,,,,,,
atl.org.mx,,,,,,,
ferriz.com.mx,,,,,,,
chapingo.mx,,,,,,,
elfcosmeticos.mx,,,,,,,
fanasaclientes.com,,,,,,,
ibero.mx,,,,,,,
juegoskizi.com,,,,,,,
clasificadoscontacto.com,,,,,,,
muyinteresante.com.mx,,,,,,,
vendebien.com,,,,,,,
ligamx.net,,,,,,,
televia.mx,,,,,,,
visitmexico.com,,,,,,,
xvolutionlearning.mx,,,,,,,
upmx.mx,,,,,,,
eldiariodecoahuila.com.mx,,,,,,,
vestirmonsterhigh.com,,,,,,,
notisistema.com,,,,,,,
todopuebla.com,,,,,,,
redzer.tv,,,,,,,
suzuki.com.mx,,,,,,,
cityclub.com.mx,,,,,,,
aulaescolar.net,,,,,,,
mejoratuescuela.org,,,,,,,
anforanet.com.mx,,,,,,,
posadas.com,,,,,,,
elpinerodelacuenca.com.mx,,,,,,,
clase.in,,,,,,,
ekomercio.com,,,,,,,
snte.org.mx,,,,,,,
valsamexico.com,,,,,,,
radec.com.mx,,,,,,,
e-arca.com.mx,,,,,,,
provecomer.com.mx,,,,,,,
mundoterra.us,,,,,,,
ecofactura.net,,,,,,,
chopo.com.mx,,,,,,,
cndh.org.mx,,,,,,,
unacar.mx,,,,,,,
puertomazatlan.com.mx,,,,,,,
24-horas.mx,,,,,,,
cadeco.com.mx,,,,,,,
tresguerras.com.mx,,,,,,,
cinepolisusa.com,,,,,,,
laopcion.com.mx,,,,,,,
cubica.com.mx,,,,,,,
xlstore.com.mx,,,,,,,
tractoresdelnorte.com.mx,,,,,,,
axa.mx,,,,,,,
mifel.com.mx,,,,,,,
ftr.com.mx,,,,,,,
altonivel.com.mx,,,,,,,
civilcad.com.mx,,,,,,,
copiloto.com.mx,,,,,,,
grupodalimo.com.mx,,,,,,,
ensenadahoy.com,,,,,,,
mimediamanzana.mx,,,,,,,
cuartopoder.mx,,,,,,,
christusmuguerza.com.mx,,,,,,,
1rofianzas.com,,,,,,,
koblenz.com.mx,,,,,,,
grep.mx,,,,,,,
reserbus.mx,,,,,,,
nayaritenlinea.mx,,,,,,,
vector.com.mx,,,,,,,
imagenzac.com.mx,,,,,,,
ingreso-ems-ags.mx,,,,,,,
tucuentacya.com,,,,,,,
pri.org.mx,,,,,,,
monex.com.mx,,,,,,,
eluni.mx,,,,,,,
odm.com.mx,,,,,,,
radiza.com.mx,,,,,,,
ringmedia.mx,,,,,,,
fractanet.com.mx,,,,,,,
mediaccess.com.mx,,,,,,,
abitat.com.mx,,,,,,,
inova.com.mx,,,,,,,
heb.com.mx,,,,,,,
dmovil.com.mx,,,,,,,
infomex.org.mx,,,,,,,
mercedes-benz.com.mx,,,,,,,
e-consulta.com,,,,,,,
suramexico.com,,,,,,,
telnor.com,,,,,,,
expedienteroto.com.mx,,,,,,,
zermat.com.mx,,,,,,,
selecciones.com,,,,,,,
laurag.tv,,,,,,,
unlimitedawards.com.mx,,,,,,,
cellgps-gmach.com,,,,,,,
porrua.mx,,,,,,,
estrellablanca.com.mx,,,,,,,
quicklearning.com.mx,,,,,,,
comercialmexicana.com.mx,,,,,,,
tvc.mx,,,,,,,
segurosinbursa.com.mx,,,,,,,
plantadavida.com.mx,,,,,,,
easysmart.com.mx,,,,,,,
lacasadelascomputadoras.com.mx,,,,,,,
fep.com.mx,,,,,,,
lecturainteligente.com.mx,,,,,,,
lainitas.com.mx,,,,,,,
expreso.com.mx,,,,,,,
profuturo.mx,,,,,,,
eurocompo.com.mx,,,,,,,
sukicredit.com.mx,,,,,,,
totalplay.com.mx,,,,,,,
colectivopericu.net,,,,,,,
ticketbus.com.mx,,,,,,,
finanziaauto.com.mx,,,,,,,
diariocambio.com.mx,,,,,,,
mexicoporno.com.mx,,,,,,,
perifel.com.mx,,,,,,,
mitec.com.mx,,,,,,,
suracapulco.mx,,,,,,,
uline.mx,,,,,,,
URL hidden because of possible malware and/or adult content,,,,,,,
diariopresente.com.mx,,,,,,,
ulsa.mx,,,,,,,
interracks.com.mx,,,,,,,
resa.com.mx,,,,,,,
misrekargas.mx,,,,,,,
pagatae.com.mx,,,,,,,
usg.com.mx,,,,,,,
casasgeo.com,,,,,,,
evaluaciones.mx,,,,,,,
carssa.net,,,,,,,
mabempresa.com,,,,,,,
pappomania.com,,,,,,,
gruma.com,,,,,,,
nnc.mx,,,,,,,
akky.mx,,,,,,,
sixflags.com.mx,,,,,,,
raredesi.com,,,,,,,
corollaexperience.com,,,,,,,
promoopcion.com,,,,,,,
unach.mx,,,,,,,
intelisis-solutions.com.mx,,,,,,,
turista.com.mx,,,,,,,
bbvaleasing.mx,,,,,,,
prismainfo.com,,,,,,,
hospitalesangeles.com,,,,,,,
canalsonora.com,,,,,,,
celera.mx,,,,,,,
insp.mx,,,,,,,
tony.com.mx,,,,,,,
culturacolectiva.com,,,,,,,
e-tlaxcala.mx,,,,,,,
bmv.com.mx,,,,,,,
cyberpuerta.mx,,,,,,,
suauto.com.mx,,,,,,,
innovasport.com,,,,,,,
carteleradeteatro.mx,,,,,,,
resuelvetufuturo.mx,,,,,,,
pijamasurf.com,,,,,,,
uatx.mx,,,,,,,
farmaciasanpablo.com.mx,,,,,,,
steelex.com.mx,,,,,,,
alsea.net,,,,,,,
cfcredit.com.mx,,,,,,,
eluniversaltv.com.mx,,,,,,,
finasist.net,,,,,,,
compax.com.mx,,,,,,,
metroscubicos.com.mx,,,,,,,
juegosmonsterhigh.com,,,,,,,
kitempleo.com.mx,,,,,,,
ideateorienta.com.mx,,,,,,,
farmaciasguadalajara.com.mx,,,,,,,
tribuna.info,,,,,,,
cablecom.com.mx,,,,,,,
ragasa.com.mx,,,,,,,
itmerida.mx,,,,,,,
esperanza.mx,,,,,,,
elgrantlapalero.com,,,,,,,
control2000.com.mx,,,,,,,
truperenlinea.com,,,,,,,
e-azerty.com.mx,,,,,,,
ara.com.mx,,,,,,,
radyo-dinle.com,,,,,,,
cinvestav.mx,,,,,,,
xeu.com.mx,,,,,,,
URL hidden because of possible malware and/or adult content,,,,,,,
starbucks.mx,,,,,,,
medicallhome.com.mx,,,,,,,
ufm.mx,,,,,,,
e-paf.com,,,,,,,
veo.tv,,,,,,,
alumza.com.mx,,,,,,,
utm.mx,,,,,,,
prosa.com.mx,,,,,,,
easygas.mx,,,,,,,
sfe.com.mx,,,,,,,
recarga.com.mx,,,,,,,
alfa913.mx,,,,,,,
sorteostec.org,,,,,,,
rac.mx,,,,,,,
alface.com.mx,,,,,,,
cantinamexico.mx,,,,,,,
ids.com.mx,,,,,,,
URL hidden because of possible malware and/or adult content,,,,,,,
jeisa.com.mx,,,,,,,
netmexico.com,,,,,,,
tabascohoy.com.mx,,,,,,,
strends.com.mx,,,,,,,
lms.com.mx,,,,,,,
periodicocorreo.com.mx,,,,,,,
piesitosypantaletitas.net,,,,,,,
URL hidden because of possible malware and/or adult content,,,,,,,
libreriaisef.com.mx,,,,,,,
rentasyventas.com,,,,,,,
kfc.com.mx,,,,,,,
airfrance.com.mx,,,,,,,
fotografoboda.mx,,,,,,,
palaciohierro.com.mx,,,,,,,
siapoa.com.mx,,,,,,,
cinepolisklic.com,,,,,,,
financiamientotoyota.com.mx,,,,,,,
elmundodecordoba.com,,,,,,,
omnilife.com,,,,,,,
uflpvirtual.com.mx,,,,,,,
grutastolantongo.com.mx,,,,,,,
URL hidden because of possible malware and/or adult content,,,,,,,
novedadesacapulco.mx,,,,,,,
flipop.net,,,,,,,
easyvale.com.mx,,,,,,,
apligen.com.mx,,,,,,,
contadormx.com,,,,,,,
eduportal.com.mx,,,,,,,
orsan.com.mx,,,,,,,
omnia.com.mx,,,,,,,
gbmhomebroker.com,,,,,,,
mpfame.com.mx,,,,,,,
noticierosgrem.com.mx,,,,,,,
tubillar.com,,,,,,,
URL hidden because of possible malware and/or adult content,,,,,,,
pol.mx,,,,,,,
diverza.com,,,,,,,
pagina.mx,,,,,,,
caras.com.mx,,,,,,,
conservi.com.mx,,,,,,,
balper.com.mx,,,,,,,
wingo.mx,,,,,,,
infotools.mx,,,,,,,
fahorro.com.mx,,,,,,,
reporteindigo.com,,,,,,,
ecosur.mx,,,,,,,
symio.com.mx,,,,,,,
gb-on.com,,,,,,,
blockbuster.com.mx,,,,,,,
century21mexico.com,,,,,,,
mipc.com.mx,,,,,,,
planseguro.com.mx,,,,,,,
vci.com.mx,,,,,,,
ateb-cfdi.com.mx,,,,,,,
entrelineas.com.mx,,,,,,,
webcamsdemexico.com,,,,,,,
madrigalcamarena.mx,,,,,,,
neo-online.com.mx,,,,,,,
elconta.com,,,,,,,
allianz.com.mx,,,,,,,
eid.com.mx,,,,,,,
securenet.com.mx,,,,,,,
iedf.org.mx,,,,,,,
e-pago.com.mx,,,,,,,
acer.com.mx,,,,,,,
litek.mx,,,,,,,
launion.com.mx,,,,,,,
claromusica.com,,,,,,,
simec.mx,,,,,,,
gmc.com.mx,,,,,,,
uabjo.mx,,,,,,,
radioshack.com.mx,,,,,,,
elacorazado.mx,,,,,,,
muack.net,,,,,,,
airbnb.mx,,,,,,,
e-studia.mx,,,,,,,
benotto.com.mx,,,,,,,
tipps.org.mx,,,,,,,
pro-net.mx,,,,,,,
ipp.mx,,,,,,,
centrodeevaluacion.com,,,,,,,
mainbit.com.mx,,,,,,,
minijuegos.info,,,,,,,
cicy.mx,,,,,,,
okisoporte.com.mx,,,,,,,
fusionradio.mx,,,,,,,
xpress.com.mx,,,,,,,
grupoalsea.com.mx,,,,,,,
imic.com.mx,,,,,,,
refaccionariacalifornia.com.mx,,,,,,,
axtel.com.mx,,,,,,,
ccpm.com.mx,,,,,,,
vendebien.co,,,,,,,
vitamedica.com.mx,,,,,,,
skoolcam.com,,,,,,,
mexicohoteles.com.mx,,,,,,,
salesup.com.mx,,,,,,,
hoteleskinky.com,,,,,,,
starnetusgnew.com.mx,,,,,,,
hponline.mx,,,,,,,
crminmobiliario.com,,,,,,,
posadas.com.mx,,,,,,,
sifiscal.com.mx,,,,,,,
vivelatino.com.mx,,,,,,,
flexi.com.mx,,,,,,,
rompecabezas.org,,,,,,,
territorio.la,,,,,,,
motosyequipos.com,,,,,,,
swissjustamerica.com,,,,,,,
castalia.com.mx,,,,,,,
capacita2.com.mx,,,,,,,
sexomexicano.org,,,,,,,
finamiga.com.mx,,,,,,,
ciudadanosenred.com.mx,,,,,,,
edimsa.com.mx,,,,,,,
lhesh.com.mx,,,,,,,
URL hidden because of possible malware and/or adult content,,,,,,,
cuprum.com.mx,,,,,,,
megashoes.mx,,,,,,,
aig.com.mx,,,,,,,
eldiariodesonora.com.mx,,,,,,,
kioskotae.com,,,,,,,
cevimedicasur.org.mx,,,,,,,
chivasdecorazon.com.mx,,,,,,,
telcel.com.mx,,,,,,,
interbandas.com,,,,,,,
portalfranq.com.mx,,,,,,,
lmpolanco.com,,,,,,,
imagendelgolfo.com.mx,,,,,,,
regeneracion.mx,,,,,,,
eltianguisvirtual.net,,,,,,,
uacam.mx,,,,,,,
co2airgunsmexico.com,,,,,,,
uniformesyutiles.com,,,,,,,
sellswell.us,,,,,,,
estudia.com.mx,,,,,,,
aeomega.com.mx,,,,,,,
ocupa.com.mx,,,,,,,
julio.com,,,,,,,
nikken.com.mx,,,,,,,
casanovarent.com.mx,,,,,,,
fundacioncarlosslim.org,,,,,,,
solocasas.com.mx,,,,,,,
ciosadigital.com,,,,,,,
intellego.com.mx,,,,,,,
cocinafacil.com.mx,,,,,,,
logitel.com.mx,,,,,,,
nsmex.com.mx,,,,,,,
cenam.mx,,,,,,,
micro-tec.com.mx,,,,,,,
hebadomicilio.com.mx,,,,,,,
colmex.mx,,,,,,,
villasmorelos.com,,,,,,,
jafra.com.mx,,,,,,,
vivoelfutbol.com.mx,,,,,,,
unicom.mx,,,,,,,
femsa.com,,,,,,,
guiapv.com,,,,,,,
cuidadoconelperro.com.mx,,,,,,,
pueblaonline.com.mx,,,,,,,
tigres.com.mx,,,,,,,
autopistas.com.mx,,,,,,,
grupocnclavosnacionales.mx,,,,,,,
galerias.com,,,,,,,
itrcenterhost.com,,,,,,,
sistemascbt.com.mx,,,,,,,
anuies.mx,,,,,,,
raudatpv.com.mx,,,,,,,
URL hidden because of possible malware and/or adult content,,,,,,,
torredecontrol.com.mx,,,,,,,
reduaz.mx,,,,,,,
ceti.mx,,,,,,,
imcp.org.mx,,,,,,,
creciendo.com.mx,,,,,,,
vanidades.com,,,,,,,
escolar.com.mx,,,,,,,
vicariadepastoral.org.mx,,,,,,,
vitro.com,,,,,,,
chefanapaula.com.mx,,,,,,,
consultoriofiscalunam.com.mx,,,,,,,
montepio.org.mx,,,,,,,
goldescargas.com,,,,,,,
toyotahighlander.com.mx,,,,,,,
aarco.com.mx,,,,,,,
sellsgood.co.uk,,,,,,,
anaseguros.com.mx,,,,,,,
ccicsa.com.mx,,,,,,,
soltectra.com.mx,,,,,,,
trabajoseng.com.mx,,,,,,,
bestoption.com.mx,,,,,,,
keyworks.com.mx,,,,,,,
diariodelsur.mx,,,,,,,
tiendatelcel.com.mx,,,,,,,
vialcoma.com.mx,,,,,,,
cuponzote.com,,,,,,,
superservicios.com.mx,,,,,,,
advans.mx,,,,,,,
lineas.com.mx,,,,,,,
eyet.mx,,,,,,,
panelessolares.com.mx,,,,,,,
ccpm.org.mx,,,,,,,
sytecso.com.mx,,,,,,,
ekonom.com,,,,,,,
jooble.com.mx,,,,,,,
nextel.mx,,,,,,,
cfestt.com,,,,,,,
mapfretepeyac.com,,,,,,,
pabis.com.mx,,,,,,,
gruposenda.com,,,,,,,
einovadigital.com,,,,,,,
taetelcel.com,,,,,,,
URL hidden because of possible malware and/or adult content,,,,,,,
clasificadosreforma.com,,,,,,,
solidaridad.mx,,,,,,,
negociosreforma.com,,,,,,,
bancoazteca.com,,,,,,,
sntimp.net,,,,,,,
saludymedicinas.com.mx,,,,,,,
3malgut.com,,,,,,,
sexogratis.info,,,,,,,
segurosatlas.com.mx,,,,,,,
quo.mx,,,,,,,
tsys-pac.com.mx,,,,,,,
exafm.com,,,,,,,
nssoaxaca.com,,,,,,,
siptm.com,,,,,,,
dogstyle.com.mx,,,,,,,
juegosfriv.com.mx,,,,,,,
suempresa.com,,,,,,,
rsaseguros.com.mx,,,,,,,
nuevodia.com.mx,,,,,,,
circuito.mx,,,,,,,
deacero.com,,,,,,,
bjxbajiofashion.info,,,,,,,
aicm.com.mx,,,,,,,
siicex-caaarem.org.mx,,,,,,,
diariodelyaqui.mx,,,,,,,
resuelvetudeuda.com,,,,,,,
oasishoteles.net,,,,,,,
facturacionelectronicadhl.com,,,,,,,
infotec.com.mx,,,,,,,
sistemasaplicados.com.mx,,,,,,,
hoytamaulipas.net,,,,,,,
idelvalle.org,,,,,,,
alen.com.mx,,,,,,,
eldebate.com.mx,,,,,,,
tap.com.mx,,,,,,,
prendasegura.mx,,,,,,,
unionyucatan.mx,,,,,,,
smartdocs.com.mx,,,,,,,
denek.com,,,,,,,
umar.mx,,,,,,,
carplanet.mx,,,,,,,
redmagisterial.com,,,,,,,
intelcompras.com,,,,,,,
futura.com.mx,,,,,,,
prepagototal.com.mx,,,,,,,
fondodeculturaeconomica.com,,,,,,,
adea.com.mx,,,,,,,
bluecolash.com,,,,,,,
t-recarga.com.mx,,,,,,,
telehit.com,,,,,,,
cklass.net,,,,,,,
mitarjetapalacio.com.mx,,,,,,,
enercard.com.mx,,,,,,,
cimaco.com.mx,,,,,,,
uniradioinforma.com,,,,,,,
aliatuniversidades.com.mx,,,,,,,
educafin.com,,,,,,,
brother.com.mx,,,,,,,
invextarjetas.com.mx,,,,,,,
huastecahoy.com.mx,,,,,,,
azteca7.com,,,,,,,
alegriaslety.mx,,,,,,,
alestra.com.mx,,,,,,,
mudatehoy.com,,,,,,,
omniacuauhtemoc.com.mx,,,,,,,
ingenierialasalle.mx,,,,,,,
televisionenvivo.tv,,,,,,,
bandamusical.mx,,,,,,,
academica.mx,,,,,,,
expedienteclinico.mx,,,,,,,
encuentra.com,,,,,,,
unioncancun.mx,,,,,,,
migesa.com.mx,,,,,,,
diablos.com.mx,,,,,,,
expertomovistar.com.mx,,,,,,,
pizzahut.com.mx,,,,,,,
biotecnologias.mx,,,,,,,
humaneland.net,,,,,,,
ipkon.com.mx,,,,,,,
controlgas.com.mx,,,,,,,
aeromar.com.mx,,,,,,,
pendulo.com,,,,,,,
sym.com.mx,,,,,,,
gruges.com.mx,,,,,,,
tarmexico.com,,,,,,,
ferrecsa.com.mx,,,,,,,
confirming.com.mx,,,,,,,
mercadoshops.com.mx,,,,,,,
tress.com.mx,,,,,,,
opam.com.mx,,,,,,,
interlingua.com.mx,,,,,,,
heraldo.com.mx,,,,,,,
mitecnologico.com,,,,,,,
ofix.com.mx,,,,,,,
cronicatierrablanca.com.mx,,,,,,,
laparisina.com.mx,,,,,,,
mailengine.mx,,,,,,,
ubnmx.com,,,,,,,
certsuperior.com,,,,,,,
incom.mx,,,,,,,
farmatodo.com.mx,,,,,,,
sisec.mx,,,,,,,
taktaktak.com,,,,,,,
cnnmexico.com,,,,,,,
appstda.com.mx,,,,,,,
ecoosfera.com,,,,,,,
preinscripcionespuebla.mx,,,,,,,
ceinwb.com.mx,,,,,,,
grupogonher.com,,,,,,,
puntoclave.com.mx,,,,,,,
distribuidoresford.com.mx,,,,,,,
ntrzacatecas.com,,,,,,,
admexico.mx,,,,,,,
priceres.com.mx,,,,,,,
eticket.mx,,,,,,,
vivemx.com,,,,,,,
ieesonora.org.mx,,,,,,,
banjercito.com.mx,,,,,,,
utscvirtual.com,,,,,,,
ica.com.mx,,,,,,,
thehappening.com,,,,,,,
grupordas.com.mx,,,,,,,
unionpuebla.mx,,,,,,,
lavozdemichoacan.com.mx,,,,,,,
sciebem.com.mx,,,,,,,
decompras.com,,,,,,,
induxsoft.net,,,,,,,
estilodf.tv,,,,,,,
malagana.net,,,,,,,
URL hidden because of possible malware and/or adult content,,,,,,,
invercap.com.mx,,,,,,,
lizminelli.com,,,,,,,
URL hidden because of possible malware and/or adult content,,,,,,,
actinver.mx,,,,,,,
unocero.com,,,,,,,
kibo.mx,,,,,,,
colimanoticias.com,,,,,,,
casinolife.com.mx,,,,,,,
buick.com.mx,,,,,,,
clubamerica.com.mx,,,,,,,
efy-mexico.org,,,,,,,
planetacurioso.com,,,,,,,
transferfactormexico.com.mx,,,,,,,
imparcialoaxaca.mx,,,,,,,
e-ntegrated.com,,,,,,,
pullman.com.mx,,,,,,,
alfadiario.com.mx,,,,,,,
labmoreira.com,,,,,,,
pointer.mx,,,,,,,
snteseccion30sartet.org.mx,,,,,,,
servinox.com.mx,,,,,,,
tracsa.com.mx,,,,,,,
diarioelmartinense.com.mx,,,,,,,
imbiomed.com.mx,,,,,,,
televia.com.mx,,,,,,,
universidadpalmasintegra.mx,,,,,,,
multiva.com.mx,,,,,,,
intermoviez.info,,,,,,,
URL hidden because of possible malware and/or adult content,,,,,,,
rednatura.com.mx,,,,,,,
ninewestmexico.com,,,,,,,
easygasweb.mx,,,,,,,
elmanana.mx,,,,,,,
ivpaste.com,,,,,,,
amorfm.mx,,,,,,,
lajor.mx,,,,,,,
hydroenv.com.mx,,,,,,,
dssp.com.mx,,,,,,,
conadi.net,,,,,,,
tuevaluacion.com.mx,,,,,,,
cetesdirecto.com,,,,,,,
sinergiamedica.net,,,,,,,
prosaludg4.com.mx,,,,,,,
diariodechiapas.com,,,,,,,
amcg.com.mx,,,,,,,
thebeautyeffect.com,,,,,,,
smnyl-clientes.com.mx,,,,,,,
transexualestube.com,,,,,,,
mexicanoamateur.com.mx,,,,,,,
unives.com.mx,,,,,,,
giro.com.mx,,,,,,,
globalschool.mx,,,,,,,
marvik.com.mx,,,,,,,
manoamano.com.mx,,,,,,,
yoexpreso.com,,,,,,,
leadingmarkets.com,,,,,,,
bepensamotriz.com.mx,,,,,,,
petco.com.mx,,,,,,,
travelinn.com.mx,,,,,,,
conectica.com.mx,,,,,,,
eleconomistaclub.mx,,,,,,,
mascaradelatex.com,,,,,,,
syc.com.mx,,,,,,,
juegoseverafterhigh.com,,,,,,,
siminforma.com.mx,,,,,,,
gamershop.com.mx,,,,,,,
URL hidden because of possible malware and/or adult content,,,,,,,
ipade.mx,,,,,,,
tecpluss.mx,,,,,,,
priedomex.org.mx,,,,,,,
cincoradio.com.mx,,,,,,,
elhorizonte.mx,,,,,,,
paperpop.mx,,,,,,,
visooal.me,,,,,,,
receptor.com.mx,,,,,,,
levicom.com.mx,,,,,,,
ofixpres.com,,,,,,,
tvcenlinea.net,,,,,,,
planeacionesgratis.com,,,,,,,
italika.com.hn,,,,,,,
URL hidden because of possible malware and/or adult content,,,,,,,
promocionesvw.mx,,,,,,,
hersheys.com.mx,,,,,,,
URL hidden because of possible malware and/or adult content,,,,,,,
unionjalisco.mx,,,,,,,
centraldediscos.com.mx,,,,,,,
certifac.mx,,,,,,,
norvid.com.mx,,,,,,,
aulatecnologica.com.mx,,,,,,,
castores.com.mx,,,,,,,
herdez.com.mx,,,,,,,
solmar.com,,,,,,,
devlyn.com.mx,,,,,,,
ofik.com,,,,,,,
capacitacionlinea.com.mx,,,,,,,
ladesa.com.mx,,,,,,,
facturacionmoderna.com,,,,,,,
i-escolar.com,,,,,,,
elbuentono.com.mx,,,,,,,
masfacturas.mx,,,,,,,
casadelaamistad.org.mx,,,,,,,
sukarne.com,,,,,,,
facturacion-arco.com.mx,,,,,,,
rotoplas.com,,,,,,,
explorandomexico.com.mx,,,,,,,
eldictamen.mx,,,,,,,
analitica.com.mx,,,,,,,
yositengosecundaria.mx,,,,,,,
cmuch.mx,,,,,,,
uqroo.mx,,,,,,,
primera-hora.com.mx,,,,,,,
datalogic.com.mx,,,,,,,
barnes.com.mx,,,,,,,
inbursa.com.mx,,,,,,,
pornomexicanoxxx.com.mx,,,,,,,
xnet.mx,,,,,,,
gsl.com.mx,,,,,,,
toks.com.mx,,,,,,,
blogdelnarco.mx,,,,,,,
lpfensenada.com,,,,,,,
terceradivision.com.mx,,,,,,,
wms2.mx,,,,,,,
simplifyca.mx,,,,,,,
segurifact.com,,,,,,,
toditotrabajos.com,,,,,,,
momatt.com,,,,,,,
potosinos.com.mx,,,,,,,
URL hidden because of possible malware and/or adult content,,,,,,,
autocredito.com.mx,,,,,,,
rompecabezasgratis.com,,,,,,,
culonasxxx.net,,,,,,,
cinepolis.com.mx,,,,,,,
garuyo.com,,,,,,,
independencia.com.mx,,,,,,,
sunpacific.mx,,,,,,,
sistemacds.com,,,,,,,
afntijuana.info,,,,,,,
rmelectronics.mx,,,,,,,
enlacefiscal.com,,,,,,,
mendoza.com.mx,,,,,,,
segundadivisionfmf.org.mx,,,,,,,
structura.com.mx,,,,,,,
eduweb.mx,,,,,,,
occmundial.com.mx,,,,,,,
webadictos.com,,,,,,,
distroller-online.com.mx,,,,,,,
segundamano.com.mx,,,,,,,
ieecolima.org.mx,,,,,,,
teleformula.com.mx,,,,,,,
pedidos.com.mx,,,,,,,
proyecto40.com,,,,,,,
beta.com.mx,,,,,,,
tusitio.mobi,,,,,,,
adon.mx,,,,,,,
megamak.com.mx,,,,,,,
URL hidden because of possible malware and/or adult content,,,,,,,
u-erre.mx,,,,,,,
santillana.com.mx,,,,,,,
gerza.com,,,,,,,
consentido.com.mx,,,,,,,
qualtia.com,,,,,,,
mexicodestinos.com,,,,,,,
cadenanoticias.mx,,,,,,,
efactornetwork.com,,,,,,,
de-paseo.com,,,,,,,
institutomaurer.com.mx,,,,,,,
benavides.com.mx,,,,,,,
cesvimexico.com.mx,,,,,,,
unionguanajuato.mx,,,,,,,
estudiosforenses.mx,,,,,,,
rayados.com,,,,,,,
redcfdi.com,,,,,,,
tufesa.com.mx,,,,,,,
heb2b.com.mx,,,,,,,
grupogigante.com.mx,,,,,,,
infoexpo.com.mx,,,,,,,
boletingdl.com.mx,,,,,,,
book.com.mx,,,,,,,
asur.com.mx,,,,,,,
aduanas-mexico.com.mx,,,,,,,
doomos.com.mx,,,,,,,
carlock.com.mx,,,,,,,
opentec.com.mx,,,,,,,
plazadelatecnologia.com,,,,,,,
vwcomerciales.com.mx,,,,,,,
ventascac.com.mx,,,,,,,
annafiori.com.mx,,,,,,,
aeromexicocargo.com.mx,,,,,,,
facturahoy.mx,,,,,,,
cuadra.com.mx,,,,,,,
directorioempresas.mx,,,,,,,
kingco.com.mx,,,,,,,
URL hidden because of possible malware and/or adult content,,,,,,,
viajeselcorteingles.com.mx,,,,,,,
expidetufactura.com.mx,,,,,,,
hlbmexico.com.mx,,,,,,,
granplan.com,,,,,,,
ternium.com.mx,,,,,,,
banjenetbanjercito.com.mx,,,,,,,
cmoctezuma.com.mx,,,,,,,
libri.mx,,,,,,,
universal921.mx,,,,,,,
hilti.com.mx,,,,,,,
reydreyes.mx,,,,,,,
sumitel.com,,,,,,,
rincondelecturas.com,,,,,,,
ambit.com.mx,,,,,,,
gis.com.mx,,,,,,,
femexfut.org.mx,,,,,,,
schooltalk.com.mx,,,,,,,
elmundodeorizaba.com,,,,,,,
contamex.com,,,,,,,
unne.com.mx,,,,,,,
impresoraunion.com,,,,,,,
darkville.com.mx,,,,,,,
cpc.com.mx,,,,,,,
gruporimsa.com.mx,,,,,,,
cadillac.com.mx,,,,,,,
sportcity.com.mx,,,,,,,
elsiglodedurango.com.mx,,,,,,,
provincia.com.mx,,,,,,,
mixup.com,,,,,,,
rtp.com.mx,,,,,,,
sofiajuegos.com,,,,,,,
syscomcctv.com.mx,,,,,,,
fotomecanica.com.mx,,,,,,,
eleconomista.mx,,,,,,,
casandra.com.mx,,,,,,,
unefon.com.mx,,,,,,,
orientat.com.mx,,,,,,,
promobroker.com.mx,,,,,,,
slmerkamobil.com,,,,,,,
sira.mx,,,,,,,
flippermedia.biz,,,,,,,
erfc.com.mx,,,,,,,
taetelcel.com.mx,,,,,,,
dondehayferia.com,,,,,,,
masternoc.mx,,,,,,,
distamex.com.mx,,,,,,,
lifeboxset.com,,,,,,,
cscsa.com.mx,,,,,,,
hoteldo.com.mx,,,,,,,
URL hidden because of possible malware and/or adult content,,,,,,,
elsoldecaborca.info,,,,,,,
metrocarrier.com.mx,,,,,,,
controldeasistencia.com.mx,,,,,,,
3play.mx,,,,,,,
cheforopeza.com.mx,,,,,,,
angelguardian.mx,,,,,,,
highgrade.com.mx,,,,,,,
marcor.com.mx,,,,,,,
loyaltyworldvwfs.com,,,,,,,
mimapfre.com.mx,,,,,,,
kwa.com.mx,,,,,,,
mueblesparaoficinaenqueretaro.com,,,,,,,
evolucione.mx,,,,,,,
facturanet.net,,,,,,,
sundar.mx,,,,,,,
unicable.tv,,,,,,,
nosotros2.com,,,,,,,
ppcmex.mx,,,,,,,
cityaccess.com.mx,,,,,,,
economia.com.mx,,,,,,,
capufe-iave.com.mx,,,,,,,
desdeabajo.com.mx,,,,,,,
smnyl.com.mx,,,,,,,
cpm.coop,,,,,,,
grandesimagenes.com,,,,,,,
sullca.com,,,,,,,
radioformula.com,,,,,,,
avalms.com,,,,,,,
futboleno.com,,,,,,,
facturaspeajemalibran.com.mx,,,,,,,
winstondata.com,,,,,,,
nominaspe.com.mx,,,,,,,
agenciaeluniversal.com.mx,,,,,,,
labartolina.com.mx,,,,,,,
mnyl.com.mx,,,,,,,
metronet.com.mx,,,,,,,
educacion-icss.org.mx,,,,,,,
easyvale.mx,,,,,,,
quattromarketing.mx,,,,,,,
raileurope.com.mx,,,,,,,
aula-virtual.mx,,,,,,,
fiestainn.com,,,,,,,
fiestamericana.com,,,,,,,
damsa.com.mx,,,,,,,
clubbomby.com.mx,,,,,,,
facturacionelectronicapepsico.com.mx,,,,,,,
ebc.mx,,,,,,,
cuernavacasas.com.mx,,,,,,,
reservationprocess.net,,,,,,,
ema.org.mx,,,,,,,
zona33preescolar.com,,,,,,,
clickonero.com,,,,,,,
cosmocel.com,,,,,,,
pagepersonnel.com.mx,,,,,,,
lcrsemillas.org.mx,,,,,,,
pamfa.org.mx,,,,,,,
juegosangry.com,,,,,,,
kuroda.com,,,,,,,
consisarh.com.mx,,,,,,,
scalahed.com,,,,,,,
portaltelefonico.mx,,,,,,,
uaaan.mx,,,,,,,
ultragas.com.mx,,,,,,,
mejoratucasa-comercios.com.mx,,,,,,,
neubox.com,,,,,,,
gonvill.com.mx,,,,,,,
todoensubastas.com.mx,,,,,,,
misjuegos.com.mx,,,,,,,
facturadorelectronico.com,,,,,,,
ssgt.com.mx,,,,,,,
somosinvictos.com,,,,,,,
arcodisc.com.mx,,,,,,,
inrasa.com.mx,,,,,,,
rentasyventas.com.mx,,,,,,,
audioonline.com.mx,,,,,,,
aforebanamex.com.mx,,,,,,,
salonvirtual.com.mx,,,,,,,
ingressioenlanube.com,,,,,,,
redam.mx,,,,,,,
eldiariodechihuahua.com.mx,,,,,,,
capacitacionbancomer.com.mx,,,,,,,
globalenergy.com.mx,,,,,,,
facte.mx,,,,,,,
prudentialmexico.com.mx,,,,,,,
educaredigital.com,,,,,,,
guadalajaraguadalajara.com,,,,,,,
hipodromo.com.mx,,,,,,,
visas.mx,,,,,,,
clickseguros.com.mx,,,,,,,
iave.mx,,,,,,,
correosdemexico.com.mx,,,,,,,
URL hidden because of possible malware and/or adult content,,,,,,,
poderpda.com,,,,,,,
realresorts.com,,,,,,,
lob.com.mx,,,,,,,
upc.com.mx,,,,,,,
rtrk.mx,,,,,,,
gafima.com.mx,,,,,,,
neoclan.net,,,,,,,
imt.mx,,,,,,,
plumaslibres.com.mx,,,,,,,
ahr.mx,,,,,,,
autosdatamovil.com,,,,,,,
andrea.com.mx,,,,,,,
iie.org.mx,,,,,,,
tusfacturas.com.mx,,,,,,,
segurosbanorte.com.mx,,,,,,,
educacionyculturaaz.com,,,,,,,
casacompara.com.mx,,,,,,,
xeudeportes.com.mx,,,,,,,
internetpower.com.mx,,,,,,,
smartticketb.com,,,,,,,
gemco.com.mx,,,,,,,
psicotest.com.mx,,,,,,,
facturacionquadrum.com.mx,,,,,,,
mexicanasxxx.com.mx,,,,,,,
tecnolite.com.mx,,,,,,,
URL hidden because of possible malware and/or adult content,,,,,,,
programa-mas.com.mx,,,,,,,
scouts.org.mx,,,,,,,
fondantcakehouse.com.mx,,,,,,,
fl.com.mx,,,,,,,
taedelsureste.com.mx,,,,,,,
cmic.org,,,,,,,
masonline.mx,,,,,,,
padresehijos.com.mx,,,,,,,
fernanda-familiar.com,,,,,,,
abisoft.com.mx,,,,,,,
inspvirtual.mx,,,,,,,
impuls.com.mx,,,,,,,
segurosmnyl.com.mx,,,,,,,
rica.com.mx,,,,,,,
letraslibres.com,,,,,,,
ncontrol.com.mx,,,,,,,
gafer.net,,,,,,,
flexienlinea.com.mx,,,,,,,
dscorp.com.mx,,,,,,,
icsingenieria.com.mx,,,,,,,
exitusnomina.com.mx,,,,,,,
sabersinfin.com,,,,,,,
dportenis.mx,,,,,,,
lojack.com.mx,,,,,,,
primeraplanadigital.com.mx,,,,,,,
cajeroenlinea.mx,,,,,,,
narcoviolencia.com.mx,,,,,,,
yazbek.com.mx,,,,,,,
grupoflecharoja.com.mx,,,,,,,
conductitlan.net,,,,,,,
mansiondelossuenos.com.mx,,,,,,,
abchospital.com,,,,,,,
stardance.com.mx,,,,,,,
100franquicias.com.mx,,,,,,,
webcodigopostal.mx,,,,,,,
daewoo.com.mx,,,,,,,
sofimex.com.mx,,,,,,,
laprensa.mx,,,,,,,
ateb.com.mx,,,,,,,
dirind.com,,,,,,,
developmentsystems.com.mx,,,,,,,
megatravel.com.mx,,,,,,,
mmredes.com,,,,,,,
iniciarcorreo.com,,,,,,,
efectipagos.com,,,,,,,
URL hidden because of possible malware and/or adult content,,,,,,,
URL hidden because of possible malware and/or adult content,,,,,,,
pullman.mx,,,,,,,
facturaelectronicagfa.mx,,,,,,,
toppornoperuano.com,,,,,,,
bdtravelsolution.com.mx,,,,,,,
liberal.com.mx,,,,,,,
kallida.com.mx,,,,,,,
obrasdeteatrocortas.mx,,,,,,,
farmaciazamora.com.mx,,,,,,,
vitromex.com.mx,,,,,,,
facturamcdonalds.com.mx,,,,,,,
copyleft.com.mx,,,,,,,
acuariolomas.com.mx,,,,,,,
enviageb.com.mx,,,,,,,
gaiadesign.com.mx,,,,,,,
trabajo.com.mx,,,,,,,
costonet.com.mx,,,,,,,
eluniversalveracruz.com.mx,,,,,,,
tlacoac.com.mx,,,,,,,
peugeot-armalo.com.mx,,,,,,,
lacorona.com.mx,,,,,,,
siete24.mx,,,,,,,
cocinaycomparte.com,,,,,,,
odmexpress.com.mx,,,,,,,
e-facturasaas.com,,,,,,,
leyendascortas.com.mx,,,,,,,
its.mx,,,,,,,
comonuevos.com.mx,,,,,,,
elmananadevalles.com.mx,,,,,,,
URL hidden because of possible malware and/or adult content,,,,,,,
grupo-sacmag.com,,,,,,,
gruposantanderempleo.com.mx,,,,,,,
pan.org.mx,,,,,,,
orthinlab.com.mx,,,,,,,
mycrmonline.mx,,,,,,,
soyconta.mx,,,,,,,
avanceytec.com.mx,,,,,,,
genommalab.com,,,,,,,
prb.com.mx,,,,,,,
nova.com.mx,,,,,,,
sivale.com.mx,,,,,,,
warp.la,,,,,,,
udelprado.mx,,,,,,,
culioneros.com.mx,,,,,,,
galletasdonde.com.mx,,,,,,,
lajornadaguerrero.com.mx,,,,,,,
educacionprimaria.mx,,,,,,,
binmueble.com,,,,,,,
subaru.com.mx,,,,,,,
cemexmexico.com,,,,,,,
virginmobile.mx,,,,,,,
7-eleven.com.mx,,,,,,,
suplementosgym.com.mx,,,,,,,
tedisa.com.mx,,,,,,,
enlapelea.com,,,,,,,
mtm.com.mx,,,,,,,
imer.mx,,,,,,,
endocrinologia.org.mx,,,,,,,
acselco.com.mx,,,,,,,
cerrey.com.mx,,,,,,,
grupoaltavista.com.mx,,,,,,,
berlitz.com.mx,,,,,,,
capodeportes.net,,,,,,,
avasa.com.mx,,,,,,,
teleservicios.com.mx,,,,,,,
crocsmexico.com.mx,,,,,,,
get-the-look.com.mx,,,,,,,
ancestry.mx,,,,,,,
xcaret.com.mx,,,,,,,
fiestarewards.com,,,,,,,
URL hidden because of possible malware and/or adult content,,,,,,,
futbolpasion.mx,,,,,,,
medicasur.com.mx,,,,,,,
agaveazulresidencial.mx,,,,,,,
mibebeyyo.com.mx,,,,,,,
aereocalafia.com.mx,,,,,,,
eventossistema.com.mx,,,,,,,
taxcoach.com.mx,,,,,,,
sclpcj.com.mx,,,,,,,
caminoreal.com,,,,,,,
masnegocio.com,,,,,,,
deloitte.com.mx,,,,,,,
glasnouk.com,,,,,,,
mexicanasardientes.com.mx,,,,,,,
sexenio.com.mx,,,,,,,
toyotacredito.com.mx,,,,,,,
heladossultana.com.mx,,,,,,,
arturopadilla.com,,,,,,,
institutocrisol.org,,,,,,,
nocnok.com,,,,,,,
cruzazulfc.com,,,,,,,
descubretucasa.com.mx,,,,,,,
comie.org.mx,,,,,,,
petro-7.com.mx,,,,,,,
facturacioncha-vta.com.mx,,,,,,,
suteym.org.mx,,,,,,,
superkompras.com.mx,,,,,,,
centrosantafe.com.mx,,,,,,,
exeldelnorte.com.mx,,,,,,,
iupsedemichoacanmaestria.com.mx,,,,,,,
converse.com.mx,,,,,,,
radiocentro.com,,,,,,,
simplementeadriana.com,,,,,,,
francoseguros.com,,,,,,,
controlex.mx,,,,,,,
porunpaismejor.com.mx,,,,,,,
noticaribe.com.mx,,,,,,,
edicionescastillo.com,,,,,,,
mobo.com.mx,,,,,,,
partidoverde.org.mx,,,,,,,
klaylab.com,,,,,,,
URL hidden because of possible malware and/or adult content,,,,,,,
nomilinea.mx,,,,,,,
tecnm.mx,,,,,,,
snte50.org.mx,,,,,,,
grupoalso.com.mx,,,,,,,
gpv.com.mx,,,,,,,
pizarronmaxi.com.mx,,,,,,,
fratresa.com.mx,,,,,,,
siaeducacion.org,,,,,,,
zonait.com.mx,,,,,,,
tribunadeloscabos.com.mx,,,,,,,
ideainterior.com.mx,,,,,,,
URL hidden because of possible malware and/or adult content,,,,,,,
crescloud.com,,,,,,,
clarosports.com,,,,,,,
bandamax.tv,,,,,,,
programareduceconredustat.com.mx,,,,,,,
doc2sign.mx,,,,,,,
vocabulario.com.mx,,,,,,,
puntodeencuentro.com.mx,,,,,,,
operax.com.mx,,,,,,,
siegfried.com.mx,,,,,,,
loex.com.mx,,,,,,,
adecco.com.mx,,,,,,,
gruposimonbolivar.mx,,,,,,,
empresapyme.net,,,,,,,
razonypalabra.org.mx,,,,,,,
begrand.mx,,,,,,,
periodicocentral.mx,,,,,,,
habitos.mx,,,,,,,
pureforce.com.mx,,,,,,,
grupogasca.com.mx,,,,,,,
conexionescolar.com,,,,,,,
tecnotaews.com,,,,,,,
joya937.mx,,,,,,,
interproteccion.com.mx,,,,,,,
gbm.com.mx,,,,,,,
tecnosinergia.com,,,,,,,
noticiasggl.com,,,,,,,
autovias.com.mx,,,,,,,
barcelpro.com.mx,,,,,,,
viana.com.mx,,,,,,,
ceenl.mx,,,,,,,
luismart.com.mx,,,,,,,
aislamientos.com.mx,,,,,,,
cedhtlax.org.mx,,,,,,,
webfianzasdorama.com.mx,,,,,,,
dacomsa.com,,,,,,,
subastasventura.com,,,,,,,
ingeniat.mx,,,,,,,
televisa.com.mx,,,,,,,
calcimp.com,,,,,,,
puentelibre.mx,,,,,,,
masteredi.com.mx,,,,,,,
cms.org.mx,,,,,,,
equipat.com.mx,,,,,,,
marcate.com.mx,,,,,,,
juegoskids.com,,,,,,,
sitio300.com,,,,,,,
cicese.mx,,,,,,,
ipaxvoip.com.mx,,,,,,,
mixfm.mx,,,,,,,
cambiateaprofuturo.com.mx,,,,,,,
metalespreciosos.com.mx,,,,,,,
cristaljoyasonline.com.mx,,,,,,,
mabe.com.mx,,,,,,,
soumaya.com.mx,,,,,,,
URL hidden because of possible malware and/or adult content,,,,,,,
ferromex.com.mx,,,,,,,
360grados.mx,,,,,,,
irctech.com.mx,,,,,,,
sifupro.org.mx,,,,,,,
clubdellector.com.mx,,,,,,,
URL hidden because of possible malware and/or adult content,,,,,,,
tiendacanon.com.mx,,,,,,,
gentetlx.com.mx,,,,,,,
arnor.com.mx,,,,,,,
casaxavier.com.mx,,,,,,,
grupo-vysisa.mx,,,,,,,
imemmexico.com.mx,,,,,,,
ganandoconingles.com,,,,,,,
auditorio.com.mx,,,,,,,
bluetogo.mx,,,,,,,
diarioqro.com,,,,,,,
ultra.com.mx,,,,,,,
montepiedad.com.mx,,,,,,,
gpoibarra.com,,,,,,,
samsaplicaciones.com.mx,,,,,,,
especialistas.com.mx,,,,,,,
entretodos.com.mx,,,,,,,
imco.org.mx,,,,,,,
URL hidden because of possible malware and/or adult content,,,,,,,
colegiodenotarios.org.mx,,,,,,,
URL hidden because of possible malware and/or adult content,,,,,,,
distroller.com,,,,,,,
elsoldehidalgo.com.mx,,,,,,,
formacion-ca.com.mx,,,,,,,
rancherita.com.mx,,,,,,,
sgcweb.com.mx,,,,,,,
labajasur.com.mx,,,,,,,
imprimefactura.mx,,,,,,,
cosmotienda.com,,,,,,,
mundojob.net,,,,,,,
redfm.mx,,,,,,,
gacn.com.mx,,,,,,,
beat1009.com.mx,,,,,,,
lux.mx,,,,,,,
gely.mx,,,,,,,
saca.com.mx,,,,,,,
tecpachucavirtual.mx,,,,,,,
gasomaxgp.com.mx,,,,,,,
riodoce.mx,,,,,,,
ventadellantas.com.mx,,,,,,,
bimbosar.com.mx,,,,,,,
lamarina.mx,,,,,,,
eternitydiamonds.com.mx,,,,,,,
velazquez.com.mx,,,,,,,
sellcom-solutions.com.mx,,,,,,,
tefacturamos.com.mx,,,,,,,
pepeytono.com.mx,,,,,,,
segurosocial.mx,,,,,,,
picacho.net,,,,,,,
deere.com.mx,,,,,,,
adosa.com.mx,,,,,,,
nationalsoft.mx,,,,,,,
hajjdesignless.com.mx,,,,,,,
paxfacturacion.com.mx,,,,,,,
fiscalnet.mx,,,,,,,
traverstool.com.mx,,,,,,,
coldwellbanker.com.mx,,,,,,,
gallomaquia.com.mx,,,,,,,
segurosafirme.com.mx,,,,,,,
ldgmx.com,,,,,,,
tiendaoficialamerica.com,,,,,,,
globalmedia.mx,,,,,,,
quienhabla.mx,,,,,,,
extranormal.com.mx,,,,,,,
cee-nl.org.mx,,,,,,,
elmundodetehuacan.com,,,,,,,
sng.com.mx,,,,,,,
gasmart.com.mx,,,,,,,
segurosbancomer.com.mx,,,,,,,
brosclub.com.mx,,,,,,,
syscom.com.mx,,,,,,,
garis.com.mx,,,,,,,
playasmexico.com.mx,,,,,,,
evans.com.mx,,,,,,,
laferia.com.mx,,,,,,,
zadako.mx,,,,,,,
factorum.com.mx,,,,,,,
ideainterior.com,,,,,,,
aportacionesfiscales.com,,,,,,,
oemoda.com,,,,,,,
lypsa.mx,,,,,,,
asesores-ais.mx,,,,,,,
puebla.travel,,,,,,,
evangelizacion.org.mx,,,,,,,
afasa.com.mx,,,,,,,
laverdadcatolica.org,,,,,,,
fordxalapa.mx,,,,,,,
ldv.com.mx,,,,,,,
clubplaneta.com.mx,,,,,,,
diarioavanzada.com.mx,,,,,,,
bicimundo.com.mx,,,,,,,
calzadolis.mx,,,,,,,
daiweb.mx,,,,,,,
ticsa.com.mx,,,,,,,
foroactivo.mx,,,,,,,
clubroyalelite.com,,,,,,,
ergonomic.com.mx,,,,,,,
avisoseconomicos.com.mx,,,,,,,
publicidadeuros.com.mx,,,,,,,
diputadosprd.org.mx,,,,,,,
gdiestra.com.mx,,,,,,,
novaservicios.com.mx,,,,,,,
helvex.com,,,,,,,
surat.mx,,,,,,,
femsa.mx,,,,,,,
ecomart.com.mx,,,,,,,
infra.com.mx,,,,,,,
seminuevosyusados.com,,,,,,,
cevat.org.mx,,,,,,,
condenast.com.mx,,,,,,,
forojuridico.org.mx,,,,,,,
prolecge.com,,,,,,,
URL hidden because of possible malware and/or adult content,,,,,,,
solver.com.mx,,,,,,,
tigresenvivo.mx,,,,,,,
bioparquemonterrey.mx,,,,,,,
gmx.com.mx,,,,,,,
bancomultiva.com.mx,,,,,,,
demiparami.com,,,,,,,
reactivosyequipos.com.mx,,,,,,,
ideasgnp.com.mx,,,,,,,
ymmex.com.mx,,,,,,,
codigosanluis.com,,,,,,,
transferbanamex.com,,,,,,,
autofacil.com.mx,,,,,,,
universidadcultural.com.mx,,,,,,,
mxcity.mx,,,,,,,
URL hidden because of possible malware and/or adult content,,,,,,,
century21chihuahua.com,,,,,,,
franquiciadirecta.com.mx,,,,,,,
laconfiteria.mx,,,,,,,
eleventa.com,,,,,,,
albanta.org.mx,,,,,,,
hotmailcom.org.mx,,,,,,,
afore.com.mx,,,,,,,
vallenproveedora.com.mx,,,,,,,
sntss.org.mx,,,,,,,
xcaretexperiencias.com,,,,,,,
zonacritica.mx,,,,,,,
digitalife.com.mx,,,,,,,
farmalisto.com.mx,,,,,,,
telmex.net,,,,,,,
findthecompany.com.mx,,,,,,,
noreste.com.mx,,,,,,,
cnhmexico.com.mx,,,,,,,
ita.mx,,,,,,,
ibushak.com,,,,,,,
1070noticias.com.mx,,,,,,,
veracruzanos.info,,,,,,,
queretaro.travel,,,,,,,
diario21.com.mx,,,,,,,
vuala.com.mx,,,,,,,
promoline.com.mx,,,,,,,
renego.com.mx,,,,,,,
xolos.com.mx,,,,,,,
aca-novenet.com.mx,,,,,,,
lonchicuates.com.mx,,,,,,,
URL hidden because of possible malware and/or adult content,,,,,,,
envasespet.com.mx,,,,,,,
capufe.info,,,,,,,
profuturognp.com.mx,,,,,,,
cetys.mx,,,,,,,
laopinion.com.mx,,,,,,,
iai.com.mx,,,,,,,
aguapuebla.mx,,,,,,,
sivale.mx,,,,,,,
rotativo.com.mx,,,,,,,
alfaomega.com.mx,,,,,,,
maskapital.com.mx,,,,,,,
semimotors.com,,,,,,,
facturacionequadrum.com.mx,,,,,,,
ingeniamuebles.com.mx,,,,,,,
superpapelera.com.mx,,,,,,,
gnpventamasiva.com.mx,,,,,,,
portaldeeducacion.com.mx,,,,,,,
cableonline.com.mx,,,,,,,
tarjetamercadopago.com.mx,,,,,,,
elbuencampo.com,,,,,,,
nuevaimagendehidalgo.com.mx,,,,,,,
mitotalplay.com.mx,,,,,,,
la-prensa.com.mx,,,,,,,
mitofago.com.mx,,,,,,,
anunciosya.com.mx,,,,,,,
peques.com.mx,,,,,,,
sendaexpress.com.mx,,,,,,,
elviajerofisgon.mx,,,,,,,
dkora.mx,,,,,,,
juegos-cars.com,,,,,,,
generadormemes.com,,,,,,,
donpancho.com.mx,,,,,,,
hunterdouglas.com.mx,,,,,,,
loscoloresdelanoviolencia.com,,,,,,,
open.com.mx,,,,,,,
veycompara.com,,,,,,,
tecnocasa.com.mx,,,,,,,
contaqtame.com.mx,,,,,,,
todoconta.com,,,,,,,
cursosnet.com.mx,,,,,,,
aulaclick.com,,,,,,,
sparp.com.mx,,,,,,,
pmcanal5.com,,,,,,,
e-tsw.com.mx,,,,,,,
marival.com.mx,,,,,,,
facturacion-tony.com.mx,,,,,,,
partidodeltrabajo.org.mx,,,,,,,
elgeiser.com.mx,,,,,,,
inmueblesbanorte.com.mx,,,,,,,
goalfactory.mx,,,,,,,
nervion.com.mx,,,,,,,
latarde.com.mx,,,,,,,
lajornadadeoriente.com.mx,,,,,,,
fiscalistas.mx,,,,,,,
grupotampico.com,,,,,,,
xfacturacion.mx,,,,,,,
bisnet.com.mx,,,,,,,
clickfactura.mx,,,,,,,
sociosdf.com,,,,,,,
uovirtual.com.mx,,,,,,,
posibilidades.com.mx,,,,,,,
sokrostream.com,,,,,,,
clubdeganadores.com.mx,,,,,,,
enlamira.com.mx,,,,,,,
977.mx,,,,,,,
claro.com,,,,,,,
comercioyaduanas.com.mx,,,,,,,
scanda.com.mx,,,,,,,
praxair.com.mx,,,,,,,
institutooxford.com.mx,,,,,,,
ticketmania.mx,,,,,,,
educal.com.mx,,,,,,,
solucionesasi.com.mx,,,,,,,
periodicoabc.mx,,,,,,,
autobodymagazine.com.mx,,,,,,,
avis.mx,,,,,,,
elgaleon.com.mx,,,,,,,
financierasumate.com.mx,,,,,,,
ctsmex.com.mx,,,,,,,
notarios.com.mx,,,,,,,
vde.com.mx,,,,,,,
hoyestado.com,,,,,,,
supercity.com.mx,,,,,,,
primerahora.com.mx,,,,,,,
m4tel.com,,,,,,,
cinepolisindia.com,,,,,,,
uvp.com.mx,,,,,,,
nissanseminuevosgarantizados.mx,,,,,,,
grupovelas.com.mx,,,,,,,
doctuo.com.mx,,,,,,,
rompecabezas.tv,,,,,,,
iberostar.com.mx,,,,,,,
papelzaragoza.com.mx,,,,,,,
diarioacayucan.com,,,,,,,
memoriapoliticademexico.org,,,,,,,
justo-sierra.com.mx,,,,,,,
pulsoindustrial.com,,,,,,,
miguelangel.mx,,,,,,,
cristalum.com.mx,,,,,,,
rewards.com.mx,,,,,,,
materialeselcentenario.mx,,,,,,,
codes-sas.com.mx,,,,,,,
dcigroupmexico.com.mx,,,,,,,
solucionesdigitales.com.mx,,,,,,,
udo.mx,,,,,,,
ith.mx,,,,,,,
conautoford.com.mx,,,,,,,
voragolive.com,,,,,,,
lalinea.com.mx,,,,,,,
delirioamateurmx.com,,,,,,,
farmaciasdelnino.mx,,,,,,,
tvazteca.com,,,,,,,
istra-ips.com.mx,,,,,,,
consupago.com,,,,,,,
bridgestone.com.mx,,,,,,,
cuprum.com,,,,,,,
programadelfin.com.mx,,,,,,,
zonayoo.com,,,,,,,
facture.com.mx,,,,,,,
chilis.com.mx,,,,,,,
autosbanorte.com.mx,,,,,,,
distribuidoradisur.com.mx,,,,,,,
oaxaca-mio.com,,,,,,,
mexicoleaks.mx,,,,,,,
macstoreonline.com.mx,,,,,,,
scme.com.mx,,,,,,,
recetas-mexicanas.com.mx,,,,,,,
dresen.com.mx,,,,,,,
appsaudi.mx,,,,,,,
quetalvirtual.com,,,,,,,
cubosrubikmx.com,,,,,,,
diputadospan.org.mx,,,,,,,
procemec.com.mx,,,,,,,
sherwin.com.mx,,,,,,,
nexos.com.mx,,,,,,,
intercable.net,,,,,,,
impulsat.mx,,,,,,,
innsz.mx,,,,,,,
vips.com.mx,,,,,,,
mexicoenrenta.com.mx,,,,,,,
elorbe.com,,,,,,,
juegosbancarios.org.mx,,,,,,,
allposters.com.mx,,,,,,,
twingo.com.mx,,,,,,,
futbol40.com,,,,,,,
salonesvirtuales.com,,,,,,,
heroesmu.com,,,,,,,
timsamx.com,,,,,,,
procomlcd.mx,,,,,,,
axainforma.com,,,,,,,
gasomatic.com.mx,,,,,,,
rencoahuila.com.mx,,,,,,,
iplace.net,,,,,,,
sicrea.com.mx,,,,,,,
elheroico.mx,,,,,,,
elsiglo.mx,,,,,,,
comego.org.mx,,,,,,,
vpm.com.mx,,,,,,,
bienesonline.mx,,,,,,,
ideasdemanualidades.com,,,,,,,
lasalle.mx,,,,,,,
femsa.com.mx,,,,,,,
tersa.com.mx,,,,,,,
ance.org.mx,,,,,,,
scami.mx,,,,,,,
pginvoice.com,,,,,,,
facmail.mx,,,,,,,
frecuenciamexico.com,,,,,,,
noticiasdequeretaro.com.mx,,,,,,,
hierbasorganicas.com.mx,,,,,,,
bbmundo.com,,,,,,,
sumavisos.com.mx,,,,,,,
abastecedor.com.mx,,,,,,,
villamia.mx,,,,,,,
laboral.com.mx,,,,,,,
elsur.mx,,,,,,,
007.mx,,,,,,,
100ideasparaemprender.com,,,,,,,
xvideoz.com.mx,,,,,,,
univadis.mx,,,,,,,
troquer.com.mx,,,,,,,
gol.am,,,,,,,
rfcs.com.mx,,,,,,,
scotiabankinverlat.com,,,,,,,
ganon.com.mx,,,,,,,
aulavirtual-sgp.com,,,,,,,
aeroflash.com.mx,,,,,,,
mejortrato.com.mx,,,,,,,
seccion22.org.mx,,,,,,,
seminuevosymas.com,,,,,,,
costaline.com.mx,,,,,,,
kof.com.mx,,,,,,,
transuniondecisioncentre.com.mx,,,,,,,
programaganadores.com.mx,,,,,,,
realestatemarket.com.mx,,,,,,,
bodegasalianza.com,,,,,,,
nayel.mx,,,,,,,
tierrayucatan.com,,,,,,,
webcom.com.mx,,,,,,,
pirma.com.mx,,,,,,,
fuerzamonarca.com,,,,,,,
udlondres.com,,,,,,,
carrerasenlinea.mx,,,,,,,
arema.com.mx,,,,,,,
valledelasflores.mx,,,,,,,
nortedigital.mx,,,,,,,
ucacsa.com.mx,,,,,,,
hobvid.com,,,,,,,
negocius.com.mx,,,,,,,
URL hidden because of possible malware and/or adult content,,,,,,,
puntosinfin.com,,,,,,,
gvamundial.com.mx,,,,,,,
automovilonline.com.mx,,,,,,,
reddinconsultants.com,,,,,,,
transparenciamorelos.mx,,,,,,,
dadaroom.com,,,,,,,
elrollo.com.mx,,,,,,,
autovia.com.mx,,,,,,,
herramental.com.mx,,,,,,,
examendeadmision.com.mx,,,,,,,
pirlotv.mx,,,,,,,
gmodelo.mx,,,,,,,
chenson.com.mx,,,,,,,
pastelesbekko.com.mx,,,,,,,
fianzasmonterrey.com.mx,,,,,,,
skiny.com.mx,,,,,,,
m-x.com.mx,,,,,,,
carone.com.mx,,,,,,,
monederodelahorro.com.mx,,,,,,,
elgraficotam.com.mx,,,,,,,
aisg.com.mx,,,,,,,
theos.com.mx,,,,,,,
bcdtravelmexico.com.mx,,,,,,,
diabetesbienestarysalud.com,,,,,,,
marquesinapolitica.com,,,,,,,
colef.mx,,,,,,,
icave.com.mx,,,,,,,
ccpn.mx,,,,,,,
bolsamexicanadetrabajo.com,,,,,,,
bcsnoticias.mx,,,,,,,
uas.mx,,,,,,,
informabtl.com,,,,,,,
quierocasa.com.mx,,,,,,,
noryan.mx,,,,,,,
goempleos.mx,,,,,,,
pits.com.mx,,,,,,,
vitrocanceles.com.mx,,,,,,,
virtualmobiletechnologies.com.mx,,,,,,,
autoasesor.com,,,,,,,
wiju.mx,,,,,,,
mundoejecutivoexpress.mx,,,,,,,
facturacionek.com.mx,,,,,,,
internetv.tv,,,,,,,
megasur.com.mx,,,,,,,
elle.mx,,,,,,,
ngkntk.com.mx,,,,,,,
jennyfer.com.mx,,,,,,,
autocosmos.com,,,,,,,
topvideosdeincesto.com,,,,,,,
elglobo.com.mx,,,,,,,
nestle.com.mx,,,,,,,
neodata.mx,,,,,,,
URL hidden because of possible malware and/or adult content,,,,,,,
mencalada.com.mx,,,,,,,
retirum.com.mx,,,,,,,
cbtelevision.com.mx,,,,,,,
sharp.com.mx,,,,,,,
voyaldoc.com,,,,,,,
bmb.mx,,,,,,,
zegucom.com.mx,,,,,,,
onirics.com.mx,,,,,,,
tenenciadf.com.mx,,,,,,,
logis.com.mx,,,,,,,
royalcaribbeancruceros.mx,,,,,,,
boletea.com.mx,,,,,,,
revoluciontrespuntocero.com,,,,,,,
axafacil.com.mx,,,,,,,
ecovale.com.mx,,,,,,,
luciabotin.mx,,,,,,,
anumex.com.mx,,,,,,,
segurosmultiva.com.mx,,,,,,,
teia.com.mx,,,,,,,
trazaturuta.mx,,,,,,,
acura.mx,,,,,,,
unison.mx,,,,,,,
e-auto.com.mx,,,,,,,
ubicatubus.com.mx,,,,,,,
apoyoeconomico.com.mx,,,,,,,
purobeisbol.mx,,,,,,,
glix.mx,,,,,,,
trotime.com.mx,,,,,,,
URL hidden because of possible malware and/or adult content,,,,,,,
rsmfacturas.com,,,,,,,
andale.mx,,,,,,,
ilocator.com.mx,,,,,,,
autocosmos.com.co,,,,,,,
b-enlinea.com,,,,,,,
praxis.com.mx,,,,,,,
grupoformula.com.mx,,,,,,,
grupozeta.com,,,,,,,
bajaferries.com.mx,,,,,,,
microlab.mx,,,,,,,
diariodepozarica.com.mx,,,,,,,
sistemaceuni.mx,,,,,,,
mexicoindustry.com.mx,,,,,,,
partesautomotrices.com.mx,,,,,,,
betterware.com.mx,,,,,,,
alaescuela.com.mx,,,,,,,
telcelequipos.com.mx,,,,,,,
ragazzafashion.com.mx,,,,,,,
jornada.com.mx,,,,,,,
remo.com.mx,,,,,,,
cmll.com,,,,,,,
practicafiscal.com.mx,,,,,,,
ipab.org.mx,,,,,,,
membresiavitamedica.com.mx,,,,,,,
recargamas.com.mx,,,,,,,
idrh.mx,,,,,,,
boxito.com.mx,,,,,,,
mexicoescultura.com,,,,,,,
santandertwist.com.mx,,,,,,,
pro-agro.com.mx,,,,,,,
juegoseducativos.com.mx,,,,,,,
moteles.com.mx,,,,,,,
discapacidadyempleo.com.mx,,,,,,,
contino.com.mx,,,,,,,
lamosa.com,,,,,,,
almomento.mx,,,,,,,
servidor3.net,,,,,,,
subireleon.mx,,,,,,,
URL hidden because of possible malware and/or adult content,,,,,,,
solochilpo.com,,,,,,,
juegosderosita.com,,,,,,,
dabo.com.mx,,,,,,,
supplementsplanet.com.mx,,,,,,,
latinrisk.com.mx,,,,,,,
chartisinsurance.com.mx,,,,,,,
tnterecarga.com,,,,,,,
marcosymarcos.com.mx,,,,,,,
radiocentro1030.mx,,,,,,,
municipiospuebla.com.mx,,,,,,,
ufd.mx,,,,,,,
tecnologiatmm.com.mx,,,,,,,
romastudio.mx,,,,,,,
gastro.org.mx,,,,,,,
vendofacil.mx,,,,,,,
prodan.org.mx,,,,,,,
enfarma.com.mx,,,,,,,
viajeypunto.com.mx,,,,,,,
merrell.com.mx,,,,,,,
guiadelcentrohistorico.mx,,,,,,,
digitallpost.mx,,,,,,,
aim-net.mx,,,,,,,
todocfdi.com.mx,,,,,,,
delatierra.com.mx,,,,,,,
acomee.com.mx,,,,,,,
papalote.org.mx,,,,,,,
javer.com.mx,,,,,,,
siteinfo.mx,,,,,,,
suplementosmexico.com.mx,,,,,,,
longview.com.mx,,,,,,,
realresorts.com.mx,,,,,,,
misrecompensas.mx,,,,,,,
pueblosmexico.com.mx,,,,,,,
mega-co.in,,,,,,,
playa.com.mx,,,,,,,
anglo.mx,,,,,,,
foroconsultivo.org.mx,,,,,,,
fitnessexpress.com.mx,,,,,,,
divendo.mx,,,,,,,
confirmare.com.mx,,,,,,,
safedata.mx,,,,,,,
gruporuba.com.mx,,,,,,,
traficozmg.com,,,,,,,
unioportunidades.com.mx,,,,,,,
upctechnologies.com,,,,,,,
mexicomaxico.org,,,,,,,
facturacionlib-tol.com.mx,,,,,,,
magnicharters.com.mx,,,,,,,
cotizamatico.com.mx,,,,,,,
prowebsys.com.mx,,,,,,,
petsy.mx,,,,,,,
preciosdematerialesdeconstruccion.com.mx,,,,,,,
eldiariodedelicias.com.mx,,,,,,,
infoem.org.mx,,,,,,,
URL hidden because of possible malware and/or adult content,,,,,,,
8columnas.com.mx,,,,,,,
fide.org.mx,,,,,,,
sifei.com.mx,,,,,,,
sined.mx,,,,,,,
centroscomunitariosdeaprendizaje.org.mx,,,,,,,
runsa.com.mx,,,,,,,
tephe.com.mx,,,,,,,
mexico-radio.com,,,,,,,
gacetadeinformacion.com.mx,,,,,,,
elfarodelacostachica.com,,,,,,,
elclima.com.mx,,,,,,,
recuerdosboda.mx,,,,,,,
trespesoslosgallos.com.mx,,,,,,,
horariosytarifasdeautobuses.com,,,,,,,
asipensamos.com,,,,,,,
random-interactive.com,,,,,,,
viajespalacio.com.mx,,,,,,,
linguee.mx,,,,,,,
innovaxmexico.com.mx,,,,,,,
petroil.com.mx,,,,,,,
servicedesk.com.mx,,,,,,,
servicesenterprise.com,,,,,,,
magni.com.mx,,,,,,,
stereocien.com.mx,,,,,,,
miljuegosdechicas.com,,,,,,,
puertodeveracruz.com.mx,,,,,,,
aphem.com.mx,,,,,,,
ducati.com.mx,,,,,,,
beraka.com.mx,,,,,,,
facturaciontep-mz.com.mx,,,,,,,
copem.mx,,,,,,,
maedacorpmexico.com.mx,,,,,,,
cinemagic.com.mx,,,,,,,
scpakarmx.com,,,,,,,
magg.com.mx,,,,,,,
servicios01800.com.mx,,,,,,,
adt.com.mx,,,,,,,
sallita.net,,,,,,,
oaxaca.travel,,,,,,,
academia.org.mx,,,,,,,
rsvponline.mx,,,,,,,
lahidalgo.com.mx,,,,,,,
sushi-itto.com.mx,,,,,,,
intranetgrupodanone.mx,,,,,,,
macmillan.mx,,,,,,,
aval.com.mx,,,,,,,
maskota.com.mx,,,,,,,
copeems.mx,,,,,,,
fiscoclic.mx,,,,,,,
yas.com.mx,,,,,,,
zooguadalajara.com.mx,,,,,,,
bnmxpromociones.com,,,,,,,
berel.com.mx,,,,,,,
expopyme.com.mx,,,,,,,
estafeta.com.mx,,,,,,,
lmsmexico.com.mx,,,,,,,
ecopipo.com,,,,,,,
siempre889.com,,,,,,,
latienditade3pesos.com,,,,,,,
kener.com.mx,,,,,,,
diccionariojuridico.mx,,,,,,,
calderon.com.mx,,,,,,,
infodf.org.mx,,,,,,,
plantas-purificadoras-de-aguas.com.mx,,,,,,,
jam.com.mx,,,,,,,
satxpress.com.mx,,,,,,,
sinersystech.com,,,,,,,
ceramat.com.mx,,,,,,,
tbs.mx,,,,,,,
proveedoresgruma.com,,,,,,,
ahisa.com.mx,,,,,,,
ia.com.mx,,,,,,,
lajornadamichoacan.com.mx,,,,,,,
mupro.com.mx,,,,,,,
bioparquemexico.mx,,,,,,,
carabela.com.mx,,,,,,,
facturaciongdl-tep.com.mx,,,,,,,
carmaster.mx,,,,,,,
cln.com.mx,,,,,,,
compraenmabe.com,,,,,,,
prudentialseguros.com.mx,,,,,,,
taesureste.com,,,,,,,
vanity.com.mx,,,,,,,
marykaymx.com,,,,,,,
sodexoclub.com.mx,,,,,,,
revistacentral.mx,,,,,,,
salonesparaeventos.com.mx,,,,,,,
chrono24.mx,,,,,,,
iprocess.mx,,,,,,,
URL hidden because of possible malware and/or adult content,,,,,,,
crediamigo.com.mx,,,,,,,
grupoafost.com.mx,,,,,,,
invdes.com.mx,,,,,,,
hannainst.com.mx,,,,,,,
casadeoracionmexico.com,,,,,,,
viadf.com.mx,,,,,,,
mpasis.com.mx,,,,,,,
evangelizafuerte.com.mx,,,,,,,
luchalibreaaa.com.mx,,,,,,,
playsimo.com,,,,,,,
epdemexico.com,,,,,,,
azdiario.mx,,,,,,,
desc.com.mx,,,,,,,
hagalo.com.mx,,,,,,,
mxv.mx,,,,,,,
amqueretaro.com,,,,,,,
esteroides.com.mx,,,,,,,
touareg.mx,,,,,,,
maxigasnatural.com.mx,,,,,,,
mailix.mx,,,,,,,
cable.mx,,,,,,,
almacenessanpedro.com.mx,,,,,,,
bodegasyterrenos.com.mx,,,,,,,
finamex.com.mx,,,,,,,
interfragua.com.mx,,,,,,,
lorealdeguerrero.com.mx,,,,,,,
bjdh.org.mx,,,,,,,
revistasmexico.net,,,,,,,
gswas.com.mx,,,,,,,
royal-holiday.net,,,,,,,
medicasur.org.mx,,,,,,,
bajionet.com.mx,,,,,,,
btech.com.mx,,,,,,,
ferplatino1.com.mx,,,,,,,
mbgsistema.com.mx,,,,,,,
nutricionextrema.com,,,,,,,
reporteroshoy.mx,,,,,,,
mexicolindoyquerido.com.mx,,,,,,,
olab.com.mx,,,,,,,
academiadeingenieriademexico.mx,,,,,,,
bticino.com.mx,,,,,,,
elempresario.mx,,,,,,,
cofocalec.org.mx,,,,,,,
mrs-mexico.org.mx,,,,,,,
iesp.mx,,,,,,,
formatoselectronicos.mx,,,,,,,
countier.com.mx,,,,,,,
pumas.mx,,,,,,,
seguroautosmapfre.com.mx,,,,,,,
educacionadistanciasnte.com,,,,,,,
gbmfondos.com.mx,,,,,,,
hsj.com.mx,,,,,,,
dondehaymisa.com,,,,,,,
estafetamembers.com,,,,,,,
carflex.com.mx,,,,,,,
renaultsf.com.mx,,,,,,,
ccontrol.com.mx,,,,,,,
elcidresorts.com.mx,,,,,,,
ucc.mx,,,,,,,
URL hidden because of possible malware and/or adult content,,,,,,,
pronovias.com.mx,,,,,,,
mikiosko.mx,,,,,,,
inaoep.mx,,,,,,,
toshibamexico.com.mx,,,,,,,
perugia.mx,,,,,,,
bsn.com.mx,,,,,,,
despeguemos.com.mx,,,,,,,
impressline.com.mx,,,,,,,
plazadearmas.com.mx,,,,,,,
abm.org.mx,,,,,,,
abastecedora.com,,,,,,,
sacom.mx,,,,,,,
tuperro.com.mx,,,,,,,
misrecibos.com.mx,,,,,,,
recibodigital.mx,,,,,,,
bursatron.com.mx,,,,,,,
anahuacmayab.mx,,,,,,,
uabcs.mx,,,,,,,
toyotafinanciamiento.com.mx,,,,,,,
profesoresenred.com.mx,,,,,,,
eldiariodevictoria.com.mx,,,,,,,
pendejas.mx,,,,,,,
desmotivaciones.mx,,,,,,,
chihuahuenses.com.mx,,,,,,,
agustinos.mx,,,,,,,
empleosvw.com.mx,,,,,,,
cajas.com.mx,,,,,,,
pensamientos.com.mx,,,,,,,
casamarcus.net,,,,,,,
credito.com.mx,,,,,,,
cmzh.com.mx,,,,,,,
uvp.mx,,,,,,,
arconorte.com.mx,,,,,,,
lth.com.mx,,,,,,,
tarjetavolaris-invex.com,,,,,,,
tlajomulcoabc.com.mx,,,,,,,
pmsteele.com.mx,,,,,,,
tierrafertil.com.mx,,,,,,,
emedios.com.mx,,,,,,,
delsol.com.mx,,,,,,,
hondaplaza.com.mx,,,,,,,
autolineasvillarreal.com.mx,,,,,,,
aranet.com.mx,,,,,,,
cydsa-e.com.mx,,,,,,,
tiendavenus.com,,,,,,,
lasrecetasdelaabuela.com,,,,,,,
fenixtpv.com,,,,,,,
portalautomotriz.com,,,,,,,
sportcar.com,,,,,,,
tvofertas.tv,,,,,,,
tecozautla.com.mx,,,,,,,
oronoticias.com.mx,,,,,,,
teed.com.mx,,,,,,,
xperienciasxcaret.mx,,,,,,,
urban360.com.mx,,,,,,,
tifosi.com.mx,,,,,,,
strm.net,,,,,,,
grupoherdez.com.mx,,,,,,,
opinionesvaloradas.com.mx,,,,,,,
digitalfactura.com,,,,,,,
casaverde.com.mx,,,,,,,
dbservices.com.mx,,,,,,,
arabela.com.mx,,,,,,,
buscandocasa.com.mx,,,,,,,
ruba.com.mx,,,,,,,
tusboletos.mx,,,,,,,
amor.com.mx,,,,,,,
fidex.com.mx,,,,,,,
juliandeobregon.com.mx,,,,,,,
cofece.mx,,,,,,,
psicoweb.com.mx,,,,,,,
ales.mx,,,,,,,
metalsa.com.mx,,,,,,,
consubanco.com,,,,,,,
sistematec.mx,,,,,,,
pastelerialety.com,,,,,,,
fiderh.org.mx,,,,,,,
intcomex.com.mx,,,,,,,
balneariosdeaguastermales.com.mx,,,,,,,
joyeriasbizzarro.com,,,,,,,
bessonseguros.com,,,,,,,
hircasa.com,,,,,,,
xochitla.org.mx,,,,,,,
concesionariabicentenario.com.mx,,,,,,,
pasteleriasmarisa.com.mx,,,,,,,
femaza.com.mx,,,,,,,
ferialibromineria.mx,,,,,,,
thoy.mx,,,,,,,
educaweb.mx,,,,,,,
fexelite.com,,,,,,,
vivebarbie.com,,,,,,,
soler-palau.mx,,,,,,,
cymisa.com.mx,,,,,,,
puertatexcoco.mx,,,,,,,
studio74.com.mx,,,,,,,
moritzu.com.mx,,,,,,,
fafhoorecargado.com,,,,,,,
eluniversalqueretaro.mx,,,,,,,
umel.mx,,,,,,,
adelantecontufuturo.com.mx,,,,,,,
powerade.com.mx,,,,,,,
educacionweb.mx,,,,,,,
familiaytu.com,,,,,,,
rolcar.com.mx,,,,,,,
palenqueferiadelcaballo.com.mx,,,,,,,
cohete.mx,,,,,,,
elmundodeportivo.com.mx,,,,,,,
provident.com.mx,,,,,,,
compudabo.com.mx,,,,,,,
conocimientosweb.net,,,,,,,
poblanerias.com,,,,,,,
infored.mx,,,,,,,
cocinavital.mx,,,,,,,
quintareal.com,,,,,,,
casasvacacionales.com.mx,,,,,,,
microclick.com.mx,,,,,,,
fcm.mx,,,,,,,
estrelladeoro.com.mx,,,,,,,
autosusadosenmexico.com.mx,,,,,,,
elporvenir.com.mx,,,,,,,
mazatlanculiacan.com.mx,,,,,,,
rnm.mx,,,,,,,
kumon.com.mx,,,,,,,
venfido.com.mx,,,,,,,
factupronto.com,,,,,,,
canal22.org.mx,,,,,,,
hogares-sm.com.mx,,,,,,,
casamontoya.com.mx,,,,,,,
nissansubastas.mx,,,,,,,
nelamoxtli.com,,,,,,,
segurointeligente.mx,,,,,,,
maxima-distincionetnturistar.com.mx,,,,,,,
colegiofgs.com.mx,,,,,,,
ceepacslp.org.mx,,,,,,,
grupored.com.mx,,,,,,,
generaldeseguros.mx,,,,,,,
grupocoel.com.mx,,,,,,,
tequilaexpress.com.mx,,,,,,,
valoran.mx,,,,,,,
heraldo.mx,,,,,,,
alaufe.com.mx,,,,,,,
elmaraton.mx,,,,,,,
intellia.com.mx,,,,,,,
kingdomlikes.com,,,,,,,
cemex.co.uk,,,,,,,
pueblobonito.com.mx,,,,,,,
amedirh.com.mx,,,,,,,
roto.mx,,,,,,,
7boom.mx,,,,,,,
expresocampeche.com,,,,,,,
efectifactura.com.mx,,,,,,,
pequepuzzle.com,,,,,,,
ekomercio.net,,,,,,,
ipomex.org.mx,,,,,,,
info7.com.mx,,,,,,,
fahorro.com,,,,,,,
chicmagazine.com.mx,,,,,,,
sterenshop.com.mx,,,,,,,
hbhandbags.com.mx,,,,,,,
girasolsur.com.mx,,,,,,,
aula24.mx,,,,,,,
helpdeskga.com.mx,,,,,,,
uniformesparaedecanes.com.mx,,,,,,,
didacticosjml.com.mx,,,,,,,
cyberkidz.mx,,,,,,,
dagal.com.mx,,,,,,,
herralum.com.mx,,,,,,,
pixeledhotel.us,,,,,,,
dqr.com.mx,,,,,,,
autosaccidentadoslobato.com,,,,,,,
dofiscal.net,,,,,,,
